platform,abstraction,matrix_type,problem_size,n_rows,nnz,n_runs,median_gflops,mean_gflops,std_gflops,iqr_gflops,cv_pct,min_gflops,max_gflops,q1_gflops,q3_gflops,efficiency,flag_deep_profiling,ppc_tier
nvidia_rtx5060,native,laplacian_2d,small,1024,4992,29,1.0332,1.0394,0.0447,0.0755,4.3003,0.9582,1.1083,0.9984,1.0739,1.0,False,native
nvidia_rtx5060,kokkos,laplacian_2d,small,1024,4992,30,0.8456,0.8498,0.0308,0.0548,3.6299,0.8042,0.8978,0.823,0.8777,0.8184,True,excellent
nvidia_rtx5060,raja,laplacian_2d,small,1024,4992,30,0.9599,0.9563,0.0431,0.0715,4.5103,0.8824,1.0255,0.9217,0.9932,0.9291,False,excellent
nvidia_rtx5060,julia,laplacian_2d,small,1024,4992,27,0.5793,0.5805,0.0322,0.0402,5.541,0.5102,0.642,0.5657,0.6059,0.5606,True,poor
nvidia_rtx5060,native,laplacian_2d,medium,8281,41041,30,5.2442,5.2394,0.1316,0.1776,2.5121,4.8584,5.4619,5.1735,5.3511,1.0,False,native
nvidia_rtx5060,kokkos,laplacian_2d,medium,8281,41041,30,6.2499,6.3203,0.5449,0.9753,8.6216,5.4989,7.111,5.8254,6.8007,1.1918,False,excellent
nvidia_rtx5060,raja,laplacian_2d,medium,8281,41041,28,5.9657,5.9142,0.2974,0.381,5.0293,5.2046,6.2946,5.7606,6.1417,1.1376,False,excellent
nvidia_rtx5060,julia,laplacian_2d,medium,8281,41041,27,5.4388,5.4553,0.178,0.2787,3.2634,5.1385,5.8284,5.3162,5.5948,1.0371,False,excellent
nvidia_rtx5060,native,laplacian_2d,large,32942,163984,29,26.2186,26.076,0.8807,1.2736,3.3773,24.3553,27.528,25.3688,26.6424,1.0,False,native
nvidia_rtx5060,kokkos,laplacian_2d,large,32942,163984,30,23.6579,23.862,0.7428,1.3384,3.1129,22.6325,25.1528,23.24,24.5784,0.9023,False,excellent
nvidia_rtx5060,raja,laplacian_2d,large,32942,163984,26,23.7934,23.7712,0.9451,1.0905,3.9759,20.7562,25.2828,23.3895,24.4801,0.9075,False,excellent
nvidia_rtx5060,julia,laplacian_2d,large,32942,163984,27,20.2712,20.3166,0.7611,1.4509,3.7464,19.1548,21.3022,19.5382,20.9891,0.7732,True,acceptable
nvidia_rtx5060,native,random_sparse,small,1024,5120,29,0.5957,0.5948,0.0217,0.0265,3.6551,0.5346,0.6391,0.5816,0.608,1.0,False,native
nvidia_rtx5060,kokkos,random_sparse,small,1024,5120,30,0.7745,0.7816,0.0287,0.0431,3.6769,0.7323,0.8259,0.7655,0.8086,1.3,False,excellent
nvidia_rtx5060,raja,random_sparse,small,1024,5120,29,0.9609,0.9673,0.0484,0.0672,4.9997,0.8739,1.081,0.9312,0.9984,1.6129,False,excellent
nvidia_rtx5060,julia,random_sparse,small,1024,5120,25,0.7762,0.7714,0.0346,0.0609,4.4814,0.7192,0.8211,0.742,0.8029,1.3029,False,excellent
nvidia_rtx5060,native,random_sparse,medium,8192,40960,29,7.2329,7.2204,0.2778,0.4276,3.848,6.6006,7.6397,7.0089,7.4365,1.0,False,native
nvidia_rtx5060,kokkos,random_sparse,medium,8192,40960,30,6.3642,6.4065,0.2212,0.3851,3.4531,6.0538,6.8079,6.2275,6.6126,0.8799,False,excellent
nvidia_rtx5060,raja,random_sparse,medium,8192,40960,26,7.4937,7.4597,0.3933,0.5091,5.2728,6.861,8.2672,7.1134,7.6226,1.0361,False,excellent
nvidia_rtx5060,julia,random_sparse,medium,8192,40960,26,5.6592,5.6503,0.2664,0.3814,4.715,4.8027,5.9414,5.4933,5.8747,0.7824,True,acceptable
nvidia_rtx5060,native,random_sparse,large,32768,163840,29,19.703,19.718,0.4902,0.9855,2.4862,18.9224,20.48,19.2267,20.2122,1.0,False,native
nvidia_rtx5060,kokkos,random_sparse,large,32768,163840,30,15.8261,15.8512,0.3277,0.5416,2.0675,15.2679,16.4696,15.6068,16.1484,0.8032,True,excellent
nvidia_rtx5060,raja,random_sparse,large,32768,163840,28,18.155,17.9929,0.848,0.6595,4.7132,15.5122,19.0867,17.7814,18.4409,0.9214,False,excellent
nvidia_rtx5060,julia,random_sparse,large,32768,163840,26,13.3186,13.2487,0.4641,0.6693,3.5029,12.4347,14.028,12.8661,13.5353,0.676,True,acceptable
nvidia_rtx5060,native,power_law,small,1024,2529,30,0.3538,0.3511,0.0105,0.0182,2.9858,0.3272,0.3662,0.343,0.3612,1.0,False,native
nvidia_rtx5060,kokkos,power_law,small,1024,2529,29,0.2244,0.2258,0.0094,0.0101,4.1478,0.2117,0.2527,0.2192,0.2293,0.6342,True,acceptable
nvidia_rtx5060,raja,power_law,small,1024,2529,29,0.2421,0.2425,0.0045,0.006,1.8492,0.2303,0.2497,0.24,0.246,0.6843,True,acceptable
nvidia_rtx5060,julia,power_law,small,1024,2230,26,0.1588,0.1579,0.004,0.0024,2.5379,0.1396,0.1609,0.1573,0.1597,0.449,True,poor
nvidia_rtx5060,native,power_law,medium,8192,20432,30,0.9495,0.9479,0.0173,0.0177,1.8233,0.8773,0.9801,0.9407,0.9584,1.0,False,native
nvidia_rtx5060,kokkos,power_law,medium,8192,20432,30,0.9443,0.9468,0.0179,0.0161,1.8936,0.869,0.9669,0.9422,0.9583,0.9946,False,excellent
nvidia_rtx5060,raja,power_law,medium,8192,20432,29,1.2181,1.21,0.0337,0.0326,2.7886,1.1057,1.2527,1.2023,1.235,1.2829,False,excellent
nvidia_rtx5060,julia,power_law,medium,8192,19526,28,1.1533,1.1492,0.0424,0.0301,3.6892,1.0149,1.2107,1.1397,1.1698,1.2147,False,excellent
nvidia_rtx5060,native,power_law,large,32768,81494,30,3.4921,3.4906,0.0743,0.0592,2.1274,3.1379,3.564,3.4709,3.5302,1.0,False,native
nvidia_rtx5060,kokkos,power_law,large,32768,81494,30,2.8438,2.8447,0.0247,0.0331,0.8691,2.7981,2.8936,2.8266,2.8597,0.8144,True,excellent
nvidia_rtx5060,raja,power_law,large,32768,81494,28,3.4566,3.4861,0.1007,0.1412,2.8872,3.3618,3.6907,3.4046,3.5459,0.9898,False,excellent
nvidia_rtx5060,julia,power_law,large,32768,79638,28,3.1946,3.1703,0.0882,0.0885,2.7816,2.8651,3.2736,3.1337,3.2223,0.9148,False,excellent
amd_mi300x,native,laplacian_2d,small,1024,4992,25,0.5913,0.5873,0.0348,0.0341,5.9269,0.5068,0.6364,0.5755,0.6096,1.0,False,native
amd_mi300x,kokkos,laplacian_2d,small,1024,4992,26,0.703,0.6978,0.0275,0.015,3.9458,0.6037,0.7316,0.6968,0.7118,1.1889,False,excellent
amd_mi300x,raja,laplacian_2d,small,1024,4992,25,0.7529,0.7485,0.0276,0.034,3.6891,0.6919,0.7847,0.7346,0.7686,1.2733,False,excellent
amd_mi300x,sycl,laplacian_2d,small,1024,4992,30,0.3702,0.365,0.0164,0.0154,4.5049,0.3271,0.3802,0.3607,0.3761,0.6261,True,acceptable
amd_mi300x,julia,laplacian_2d,small,1024,4992,22,0.5932,0.5848,0.032,0.0367,5.4806,0.4943,0.6239,0.5697,0.6064,1.0031,False,excellent
amd_mi300x,native,laplacian_2d,medium,8281,41041,27,5.554,5.6079,0.3053,0.392,5.4438,4.8978,6.1702,5.4415,5.8335,1.0,False,native
amd_mi300x,kokkos,laplacian_2d,medium,8281,41041,29,5.6375,5.6356,0.2471,0.2333,4.3855,4.9714,6.0964,5.5345,5.7678,1.015,False,excellent
amd_mi300x,raja,laplacian_2d,medium,8281,41041,27,5.6694,5.6393,0.2036,0.1507,3.61,5.002,5.9549,5.6082,5.7589,1.0208,False,excellent
amd_mi300x,sycl,laplacian_2d,medium,8281,41041,21,3.1552,3.0979,0.1867,0.2932,6.0258,2.6118,3.2859,2.9554,3.2486,0.5681,True,poor
amd_mi300x,julia,laplacian_2d,medium,8281,41041,25,4.5777,4.5752,0.1937,0.2066,4.2328,3.8996,4.8375,4.4846,4.6912,0.8242,True,excellent
amd_mi300x,native,laplacian_2d,large,32942,163984,25,23.5339,23.7635,1.3797,2.165,5.8058,20.6998,26.1204,22.785,24.95,1.0,False,native
amd_mi300x,kokkos,laplacian_2d,large,32942,163984,25,18.448,18.5398,0.5396,0.7499,2.9107,17.5826,19.5138,18.1629,18.9129,0.7839,True,acceptable
amd_mi300x,raja,laplacian_2d,large,32942,163984,30,23.5364,23.6028,0.625,0.8053,2.6479,22.6122,24.7953,23.228,24.0334,1.0001,False,excellent
amd_mi300x,sycl,laplacian_2d,large,32942,163984,24,12.2139,12.1044,0.884,1.5338,7.3031,9.9553,13.3147,11.3942,12.928,0.519,True,poor
amd_mi300x,julia,laplacian_2d,large,32942,163984,25,15.7382,15.8253,1.0941,1.6438,6.9136,13.6881,17.3482,15.0679,16.7117,0.6687,True,acceptable
amd_mi300x,native,random_sparse,small,1024,5120,30,0.7793,0.7699,0.0309,0.0349,4.0081,0.7014,0.8099,0.7556,0.7904,1.0,False,native
amd_mi300x,kokkos,random_sparse,small,1024,5120,27,0.6848,0.6811,0.03,0.0291,4.4031,0.595,0.7258,0.6674,0.6965,0.8787,False,excellent
amd_mi300x,raja,random_sparse,small,1024,5120,27,0.6115,0.6094,0.0181,0.0145,2.9727,0.5572,0.6447,0.6034,0.618,0.7847,True,acceptable
amd_mi300x,sycl,random_sparse,small,1024,5120,27,0.4012,0.4025,0.0145,0.0125,3.5996,0.3671,0.431,0.396,0.4085,0.5149,True,poor
amd_mi300x,julia,random_sparse,small,1024,5120,26,0.5555,0.5499,0.0252,0.0302,4.5787,0.4748,0.5847,0.5386,0.5688,0.7128,True,acceptable
amd_mi300x,native,random_sparse,medium,8192,40960,29,6.0717,6.0759,0.2983,0.3463,4.9092,5.1993,6.5306,5.9311,6.2774,1.0,False,native
amd_mi300x,kokkos,random_sparse,medium,8192,40960,27,5.3658,5.3621,0.2234,0.2753,4.1672,4.7614,5.7267,5.2572,5.5325,0.8837,False,excellent
amd_mi300x,raja,random_sparse,medium,8192,40960,28,6.0046,5.9728,0.2833,0.3016,4.7431,5.1688,6.5416,5.8118,6.1134,0.9889,False,excellent
amd_mi300x,sycl,random_sparse,medium,8192,40960,29,3.1172,3.1056,0.0739,0.0701,2.3797,2.9556,3.2462,3.0852,3.1553,0.5134,True,poor
amd_mi300x,julia,random_sparse,medium,8192,40960,25,4.4539,4.4146,0.284,0.4469,6.4337,3.8489,4.8166,4.2201,4.667,0.7335,True,acceptable
amd_mi300x,native,random_sparse,large,32768,163840,29,22.6752,22.609,1.355,1.3419,5.9931,19.9878,25.5242,21.9772,23.3191,1.0,False,native
amd_mi300x,kokkos,random_sparse,large,32768,163840,28,20.6315,20.7231,0.6279,1.102,3.0299,19.7755,21.8424,20.2161,21.3181,0.9099,False,excellent
amd_mi300x,raja,random_sparse,large,32768,163840,29,23.7415,23.6054,0.6385,0.3714,2.7048,21.2862,24.7567,23.498,23.8695,1.047,False,excellent
amd_mi300x,sycl,random_sparse,large,32768,163840,30,13.1802,13.1534,0.4611,0.3024,3.5052,11.5105,13.9855,13.0988,13.4012,0.5813,True,poor
amd_mi300x,julia,random_sparse,large,32768,163840,26,15.7206,15.6355,1.0404,1.3188,6.6544,13.4864,17.1839,14.9453,16.2641,0.6933,True,acceptable
amd_mi300x,native,power_law,small,1024,2529,29,0.1921,0.1899,0.0086,0.0062,4.546,0.1701,0.1991,0.1897,0.1959,1.0,False,native
amd_mi300x,kokkos,power_law,small,1024,2529,29,0.1696,0.1688,0.0035,0.0022,2.0444,0.1565,0.1718,0.1685,0.1707,0.8827,False,excellent
amd_mi300x,raja,power_law,small,1024,2529,30,0.1904,0.1882,0.008,0.0042,4.2764,0.1671,0.1977,0.1883,0.1925,0.9909,False,excellent
amd_mi300x,sycl,power_law,small,1024,2529,29,0.1383,0.1373,0.0042,0.0029,3.0845,0.1253,0.1444,0.1367,0.1396,0.7197,True,acceptable
amd_mi300x,julia,power_law,small,1024,2230,26,0.1453,0.1453,0.0032,0.003,2.1759,0.1371,0.1503,0.1441,0.1472,0.7562,True,acceptable
amd_mi300x,native,power_law,medium,8192,20432,28,0.4318,0.4316,0.0065,0.0053,1.5024,0.4179,0.4439,0.4282,0.4336,1.0,False,native
amd_mi300x,kokkos,power_law,medium,8192,20432,29,0.416,0.4142,0.0078,0.01,1.8874,0.3927,0.4268,0.4096,0.4196,0.9635,False,excellent
amd_mi300x,raja,power_law,medium,8192,20432,29,0.4151,0.4163,0.006,0.0092,1.4408,0.4063,0.4285,0.4119,0.4211,0.9615,False,excellent
amd_mi300x,sycl,power_law,medium,8192,20432,30,0.391,0.3908,0.0087,0.0091,2.2151,0.3652,0.4046,0.3874,0.3965,0.9056,False,excellent
amd_mi300x,julia,power_law,medium,8192,19526,28,0.4496,0.4484,0.0128,0.0164,2.8465,0.4145,0.4685,0.4416,0.458,1.0412,False,excellent
amd_mi300x,native,power_law,large,32768,81494,30,1.5732,1.5725,0.0316,0.0455,2.0125,1.4927,1.621,1.5515,1.597,1.0,False,native
amd_mi300x,kokkos,power_law,large,32768,81494,30,1.5341,1.526,0.0375,0.0254,2.4599,1.4089,1.5744,1.52,1.5454,0.9751,False,excellent
amd_mi300x,raja,power_law,large,32768,81494,29,1.5137,1.5118,0.0269,0.0242,1.7817,1.4508,1.5574,1.5017,1.5259,0.9622,False,excellent
amd_mi300x,sycl,power_law,large,32768,81494,30,1.4526,1.4508,0.0258,0.0299,1.7756,1.3939,1.502,1.4373,1.4672,0.9233,False,excellent
amd_mi300x,julia,power_law,large,32768,79638,28,1.3932,1.388,0.0235,0.0334,1.6927,1.3396,1.4251,1.3736,1.407,0.8855,False,excellent
nvidia_h100_sxm,native,laplacian_2d,small,1024,4992,29,1.1192,1.107,0.0398,0.0676,3.5978,1.0328,1.1653,1.0717,1.1393,1.0,False,native
nvidia_h100_sxm,kokkos,laplacian_2d,small,1024,4992,30,1.082,1.08,0.0361,0.044,3.3452,0.9664,1.1351,1.0627,1.1068,0.9668,False,excellent
nvidia_h100_sxm,raja,laplacian_2d,small,1024,4992,29,0.9915,0.9899,0.0291,0.0489,2.938,0.9374,1.0289,0.9673,1.0163,0.8859,False,excellent
nvidia_h100_sxm,julia,laplacian_2d,small,1024,4992,27,0.8225,0.7941,0.1245,0.0662,15.68,0.2193,0.8762,0.786,0.8522,0.735,True,acceptable
nvidia_h100_sxm,numba,laplacian_2d,small,1024,4992,30,0.1806,0.1803,0.0075,0.0097,4.1633,0.1546,0.1909,0.1764,0.1861,0.1614,True,poor
nvidia_h100_sxm,native,laplacian_2d,medium,8281,41041,30,8.9889,8.8548,0.2965,0.5476,3.3487,8.3434,9.201,8.5701,9.1177,1.0,False,native
nvidia_h100_sxm,kokkos,laplacian_2d,medium,8281,41041,30,8.6626,8.5779,0.2798,0.3589,3.2616,7.8465,9.0141,8.4047,8.7636,0.9637,False,excellent
nvidia_h100_sxm,raja,laplacian_2d,medium,8281,41041,30,7.8971,7.889,0.1965,0.3284,2.4906,7.507,8.1779,7.7167,8.0451,0.8785,False,excellent
nvidia_h100_sxm,julia,laplacian_2d,medium,8281,41041,28,6.8064,6.7342,0.2304,0.3145,3.4219,6.0253,7.0114,6.6022,6.9167,0.7572,True,acceptable
nvidia_h100_sxm,numba,laplacian_2d,medium,8281,41041,30,1.5268,1.5287,0.0819,0.1034,5.3542,1.3026,1.6546,1.4946,1.598,0.1699,True,poor
nvidia_h100_sxm,native,laplacian_2d,large,32942,163984,30,36.2058,35.7609,1.0368,1.9801,2.8994,33.3064,36.9001,34.7249,36.705,1.0,False,native
nvidia_h100_sxm,kokkos,laplacian_2d,large,32942,163984,30,32.8741,32.501,1.0011,1.558,3.0803,29.9077,33.8565,31.7738,33.3318,0.908,False,excellent
nvidia_h100_sxm,raja,laplacian_2d,large,32942,163984,29,30.4492,30.2684,0.9933,1.5676,3.2818,28.0482,31.5475,29.4723,31.0399,0.841,True,excellent
nvidia_h100_sxm,julia,laplacian_2d,large,32942,163984,26,26.1257,25.7629,0.9955,1.1484,3.8639,22.7692,26.8892,25.2395,26.3879,0.7216,True,acceptable
nvidia_h100_sxm,numba,laplacian_2d,large,32942,163984,30,5.9226,5.9149,0.2703,0.2195,4.5698,5.1562,6.3803,5.84,6.0596,0.1636,True,poor
nvidia_h100_sxm,native,random_sparse,small,1024,5120,29,1.1668,1.1508,0.0371,0.0722,3.2219,1.0985,1.2051,1.1138,1.186,1.0,False,native
nvidia_h100_sxm,kokkos,random_sparse,small,1024,5120,30,1.1177,1.1149,0.0324,0.0507,2.9027,1.055,1.1676,1.0916,1.1423,0.9579,False,excellent
nvidia_h100_sxm,raja,random_sparse,small,1024,5120,29,0.9812,0.9733,0.0246,0.0457,2.5306,0.9264,1.0089,0.9474,0.993,0.8409,True,excellent
nvidia_h100_sxm,julia,random_sparse,small,1024,5120,29,0.8062,0.7833,0.1148,0.0364,14.6607,0.2091,0.8485,0.7858,0.8222,0.6909,True,acceptable
nvidia_h100_sxm,numba,random_sparse,small,1024,5120,29,0.1824,0.1822,0.0075,0.0074,4.1354,0.1614,0.1982,0.1778,0.1852,0.1563,True,poor
nvidia_h100_sxm,native,random_sparse,medium,8192,40960,30,9.1028,9.0683,0.2834,0.5037,3.1256,8.5583,9.5311,8.8212,9.325,1.0,False,native
nvidia_h100_sxm,kokkos,random_sparse,medium,8192,40960,30,8.7122,8.6656,0.2308,0.4057,2.6632,8.2982,9.0101,8.4709,8.8766,0.9571,False,excellent
nvidia_h100_sxm,raja,random_sparse,medium,8192,40960,30,7.7011,7.6623,0.2139,0.3131,2.7913,7.2138,7.9426,7.5369,7.85,0.846,True,excellent
nvidia_h100_sxm,julia,random_sparse,medium,8192,40960,28,5.5959,5.5678,0.233,0.2474,4.1854,4.9373,5.9565,5.4903,5.7377,0.6147,True,acceptable
nvidia_h100_sxm,numba,random_sparse,medium,8192,40960,29,1.5103,1.5034,0.0631,0.0513,4.1963,1.2935,1.6024,1.4835,1.5348,0.1659,True,poor
nvidia_h100_sxm,native,random_sparse,large,32768,163840,30,31.5752,31.3945,0.7482,1.1489,2.3833,30.1038,32.732,30.8238,31.9727,1.0,False,native
nvidia_h100_sxm,kokkos,random_sparse,large,32768,163840,30,29.9832,29.9149,0.7111,1.0995,2.377,28.4865,30.9746,29.4108,30.5103,0.9496,False,excellent
nvidia_h100_sxm,raja,random_sparse,large,32768,163840,30,29.7584,29.5511,0.7363,1.2468,2.4917,28.1367,30.8115,28.884,30.1308,0.9425,False,excellent
nvidia_h100_sxm,julia,random_sparse,large,32768,163840,26,24.2918,24.1625,0.5927,1.1001,2.453,22.9645,24.949,23.5746,24.6747,0.7693,True,acceptable
nvidia_h100_sxm,numba,random_sparse,large,32768,163840,29,5.6809,5.6837,0.1703,0.1667,2.9964,5.2486,6.0852,5.6002,5.7669,0.1799,True,poor
nvidia_h100_sxm,native,power_law,small,1024,2529,29,0.3757,0.3724,0.008,0.013,2.1524,0.3521,0.3825,0.3656,0.3786,1.0,False,native
nvidia_h100_sxm,kokkos,power_law,small,1024,2529,29,0.3563,0.3532,0.01,0.0137,2.8261,0.3214,0.3672,0.3461,0.3597,0.9484,False,excellent
nvidia_h100_sxm,raja,power_law,small,1024,2529,30,0.3799,0.3794,0.0079,0.0126,2.077,0.3641,0.394,0.3726,0.3852,1.011,False,excellent
nvidia_h100_sxm,julia,power_law,small,1024,2230,29,0.2332,0.2272,0.0283,0.0101,12.4626,0.0856,0.2419,0.2276,0.2377,0.6208,True,acceptable
nvidia_h100_sxm,numba,power_law,small,1024,2346,30,0.0826,0.082,0.0036,0.0043,4.4382,0.0729,0.0886,0.0803,0.0846,0.2198,True,poor
nvidia_h100_sxm,native,power_law,medium,8192,20432,30,1.0444,1.0393,0.0232,0.0146,2.2293,0.9244,1.0551,1.0356,1.0503,1.0,False,native
nvidia_h100_sxm,kokkos,power_law,medium,8192,20432,30,1.0472,1.0448,0.0095,0.0153,0.9063,1.0251,1.0596,1.0376,1.0528,1.0027,False,excellent
nvidia_h100_sxm,raja,power_law,medium,8192,20432,30,1.6334,1.6305,0.0193,0.0314,1.1809,1.5921,1.6632,1.6122,1.6436,1.564,False,excellent
nvidia_h100_sxm,julia,power_law,medium,8192,19526,28,0.8877,0.8873,0.0153,0.0146,1.719,0.84,0.9036,0.8843,0.8989,0.8499,True,excellent
nvidia_h100_sxm,numba,power_law,medium,8192,21041,30,0.4183,0.4149,0.0099,0.0131,2.3888,0.3913,0.4303,0.409,0.4221,0.4005,True,poor
nvidia_h100_sxm,native,power_law,large,32768,81494,30,3.6179,3.6112,0.0259,0.0456,0.7159,3.5592,3.6514,3.5895,3.6351,1.0,False,native
nvidia_h100_sxm,kokkos,power_law,large,32768,81494,30,3.552,3.5378,0.0417,0.0408,1.1784,3.3578,3.5752,3.5226,3.5635,0.9818,False,excellent
nvidia_h100_sxm,raja,power_law,large,32768,81494,30,6.2332,6.1898,0.158,0.1439,2.553,5.4705,6.3257,6.145,6.2889,1.7229,False,excellent
nvidia_h100_sxm,julia,power_law,large,32768,79638,28,2.6022,2.5997,0.0285,0.0299,1.0957,2.4938,2.6357,2.589,2.6189,0.7193,True,acceptable
nvidia_h100_sxm,numba,power_law,large,32768,83317,30,1.4801,1.4726,0.0353,0.0432,2.3975,1.3854,1.5298,1.4561,1.4993,0.4091,True,poor
