platform,abstraction,graph_type,problem_size,n_vertices,n_edges,n_levels,max_frontier_width,min_frontier_width,peak_frontier_fraction,n_runs,median_gflops,mean_gflops,std_gflops,iqr_gflops,cv_pct,min_gflops,max_gflops,q1_gflops,q3_gflops,efficiency,eff_gt1_flag,flag_deep_profiling,ppc_tier,frontier_irregularity
nvidia_rtx5060,native,erdos_renyi,small,1024,5177,6,560,1,0.546875,16,0.009302,0.009258,0.000567,0.000406,6.123366,0.007365,0.009773,0.009157,0.009563,1.0,False,False,native,
nvidia_rtx5060,kokkos,erdos_renyi,small,1024,5177,6,560,1,0.546875,21,0.167627,0.159392,0.01742,0.035809,10.928833,0.131754,0.180654,0.136488,0.172297,18.019565,True,False,excellent,
nvidia_rtx5060,raja,erdos_renyi,small,1024,5177,6,560,1,0.546875,30,0.021574,0.021584,0.00034,0.000361,1.576244,0.020834,0.0222,0.02139,0.021751,2.319162,True,False,excellent,
nvidia_rtx5060,julia,erdos_renyi,small,1024,5138,6,500,1,0.488281,30,0.0068,0.006901,0.000258,0.000448,3.744514,0.006548,0.007328,0.00669,0.007137,0.73104,False,True,acceptable,
nvidia_rtx5060,native,erdos_renyi,medium,16384,82329,7,7631,1,0.465759,30,0.185375,0.183296,0.008576,0.008687,4.678702,0.166144,0.197674,0.180448,0.189135,1.0,False,False,native,
nvidia_rtx5060,kokkos,erdos_renyi,medium,16384,82329,7,7631,1,0.465759,25,2.184199,2.314608,0.257659,0.047017,11.131853,2.130778,2.782607,2.16132,2.208337,11.782597,True,False,excellent,
nvidia_rtx5060,raja,erdos_renyi,medium,16384,82329,7,7631,1,0.465759,30,0.270753,0.269564,0.005333,0.006592,1.978501,0.25362,0.278243,0.266374,0.272966,1.460569,True,False,excellent,
nvidia_rtx5060,julia,erdos_renyi,medium,16384,82186,8,10796,1,0.658936,22,0.082834,0.082043,0.003778,0.003744,4.605114,0.067567,0.085336,0.080731,0.084475,0.446848,False,True,poor,
nvidia_rtx5060,native,erdos_renyi,large,65536,327013,8,41154,1,0.62796,25,0.666631,0.636697,0.061105,0.058372,9.597184,0.487693,0.689902,0.622168,0.68054,1.0,False,False,native,
nvidia_rtx5060,kokkos,erdos_renyi,large,65536,327013,8,41154,1,0.62796,30,8.600856,8.588718,0.157158,0.136518,1.829815,7.921443,8.771808,8.539985,8.676503,12.901975,True,False,excellent,
nvidia_rtx5060,raja,erdos_renyi,large,65536,327013,8,41154,1,0.62796,30,0.887428,0.886441,0.01022,0.01009,1.152922,0.853829,0.903491,0.882008,0.892098,1.331214,True,False,excellent,
nvidia_rtx5060,julia,erdos_renyi,large,65536,327791,9,30157,1,0.460159,29,0.283501,0.282805,0.012493,0.015217,4.417557,0.234432,0.296567,0.27725,0.292467,0.425274,False,True,poor,
nvidia_rtx5060,native,2d_grid,small,1024,1984,63,32,1,0.03125,30,0.000617,0.000616,1.8e-05,1.9e-05,2.963837,0.000566,0.000646,0.000608,0.000627,1.0,False,False,native,
nvidia_rtx5060,kokkos,2d_grid,small,1024,1984,63,32,1,0.03125,23,0.074207,0.072774,0.006348,0.002666,8.722606,0.057301,0.079749,0.072726,0.075392,120.368208,True,False,excellent,
nvidia_rtx5060,raja,2d_grid,small,1024,1984,63,32,1,0.03125,30,0.000894,0.000893,4e-06,4e-06,0.464022,0.000882,0.000904,0.000891,0.000895,1.449311,True,False,excellent,
nvidia_rtx5060,julia,2d_grid,small,1024,1984,63,32,1,0.03125,30,0.000217,0.000214,8e-06,1.2e-05,3.564781,0.000196,0.000223,0.000208,0.00022,0.351987,False,True,poor,
nvidia_rtx5060,native,2d_grid,medium,16384,32512,255,128,1,0.007812,25,0.001991,0.002051,0.000272,0.000374,13.281158,0.001453,0.002683,0.001884,0.002258,1.0,False,False,native,
nvidia_rtx5060,kokkos,2d_grid,medium,16384,32512,255,128,1,0.007812,16,1.178486,1.079228,0.138108,0.266616,12.796908,0.885789,1.193495,0.917373,1.183989,591.906328,True,False,excellent,
nvidia_rtx5060,raja,2d_grid,medium,16384,32512,255,128,1,0.007812,30,0.00331,0.003305,3.6e-05,2.1e-05,1.084997,0.003188,0.003362,0.003299,0.00332,1.662732,True,False,excellent,
nvidia_rtx5060,julia,2d_grid,medium,16384,32512,255,128,1,0.007812,24,0.000875,0.000885,0.000115,0.000136,12.94821,0.000502,0.001037,0.000832,0.000968,0.439227,False,True,poor,
nvidia_rtx5060,native,2d_grid,large,65536,130560,511,256,1,0.003906,29,0.004664,0.004609,0.000184,0.000165,3.997601,0.004059,0.004797,0.004572,0.004737,1.0,False,False,native,
nvidia_rtx5060,kokkos,2d_grid,large,65536,130560,511,256,1,0.003906,30,3.536873,3.502615,0.122272,0.061165,3.490888,3.084702,3.602947,3.50678,3.567945,758.334584,True,False,excellent,
nvidia_rtx5060,raja,2d_grid,large,65536,130560,511,256,1,0.003906,30,0.006379,0.00637,4.7e-05,4e-05,0.732387,0.006225,0.006444,0.006359,0.006399,1.367603,True,False,excellent,
nvidia_rtx5060,julia,2d_grid,large,65536,130560,511,256,1,0.003906,23,0.001669,0.001666,0.000208,0.000181,12.497045,0.00127,0.00207,0.001565,0.001746,0.357847,False,True,poor,
amd_mi300x,native,erdos_renyi,small,1024,5177,6,560,1,0.546875,30,0.014022,0.013946,0.000334,0.000419,2.394325,0.013162,0.014472,0.013725,0.014144,1.0,False,False,native,
amd_mi300x,kokkos,erdos_renyi,small,1024,5177,6,560,1,0.546875,30,0.071576,0.070887,0.001889,0.001581,2.665391,0.066724,0.073627,0.070456,0.072036,5.104404,True,False,excellent,
amd_mi300x,raja,erdos_renyi,small,1024,5177,6,560,1,0.546875,30,0.008396,0.0084,0.000129,0.00014,1.533283,0.008147,0.008665,0.008344,0.008484,0.598752,False,True,poor,
amd_mi300x,sycl,erdos_renyi,small,1024,5177,6,560,1,0.546875,30,0.003832,0.003864,8.2e-05,9.9e-05,2.112764,0.003691,0.004018,0.003814,0.003913,0.273311,False,True,poor,
amd_mi300x,julia,erdos_renyi,small,1024,5138,6,500,1,0.488281,30,0.000774,0.000775,1.5e-05,1.9e-05,1.96315,0.000741,0.000803,0.000766,0.000785,0.055233,False,True,poor,
amd_mi300x,native,erdos_renyi,medium,16384,82329,7,7631,1,0.465759,30,0.168196,0.168844,0.003187,0.004356,1.887283,0.163321,0.174293,0.166894,0.171251,1.0,False,False,native,
amd_mi300x,kokkos,erdos_renyi,medium,16384,82329,7,7631,1,0.465759,29,1.04731,1.044481,0.045208,0.049232,4.32829,0.868926,1.103074,1.024018,1.07325,6.226742,True,False,excellent,
amd_mi300x,raja,erdos_renyi,medium,16384,82329,7,7631,1,0.465759,30,0.13242,0.132523,0.001822,0.00237,1.375041,0.12964,0.137616,0.131448,0.133818,0.787295,False,True,acceptable,
amd_mi300x,sycl,erdos_renyi,medium,16384,82329,7,7631,1,0.465759,30,0.052838,0.05307,0.0012,0.001471,2.26049,0.051312,0.055848,0.052079,0.05355,0.314146,False,True,poor,
amd_mi300x,julia,erdos_renyi,medium,16384,82186,8,10796,1,0.658936,29,0.009383,0.009014,0.001732,0.000159,19.20926,5.3e-05,0.009579,0.009282,0.009441,0.055786,False,True,poor,
amd_mi300x,native,erdos_renyi,large,65536,327013,8,41154,1,0.62796,27,0.498546,0.490279,0.081502,0.022243,16.62361,0.221377,0.589559,0.492195,0.514438,1.0,False,False,native,
amd_mi300x,kokkos,erdos_renyi,large,65536,327013,8,41154,1,0.62796,29,3.454423,3.430238,0.130226,0.094922,3.796412,2.961404,3.579507,3.408764,3.503686,6.928996,True,False,excellent,
amd_mi300x,raja,erdos_renyi,large,65536,327013,8,41154,1,0.62796,30,0.426234,0.425648,0.005112,0.006208,1.200986,0.413035,0.434015,0.422702,0.428909,0.854955,False,False,excellent,
amd_mi300x,sycl,erdos_renyi,large,65536,327013,8,41154,1,0.62796,30,0.179656,0.179482,0.003613,0.003387,2.013163,0.172473,0.190377,0.177354,0.180741,0.36036,False,True,poor,
amd_mi300x,julia,erdos_renyi,large,65536,327791,9,30157,1,0.460159,27,0.033313,0.032493,0.002053,0.000496,6.318627,0.027577,0.03412,0.03309,0.033586,0.06682,False,True,poor,
amd_mi300x,native,2d_grid,small,1024,1984,63,32,1,0.03125,30,0.00054,0.000542,8e-06,1.3e-05,1.450906,0.000528,0.000554,0.000535,0.000548,1.0,False,False,native,
amd_mi300x,kokkos,2d_grid,small,1024,1984,63,32,1,0.03125,30,0.029572,0.029057,0.001123,0.001451,3.866457,0.02581,0.030383,0.028404,0.029855,54.712303,True,False,excellent,
amd_mi300x,raja,2d_grid,small,1024,1984,63,32,1,0.03125,30,0.000386,0.000385,7e-06,8e-06,1.769156,0.000371,0.000395,0.000381,0.000389,0.715079,False,True,acceptable,
amd_mi300x,sycl,2d_grid,small,1024,1984,63,32,1,0.03125,28,0.000162,0.000159,1e-05,1.6e-05,6.345047,0.00014,0.000174,0.000153,0.000168,0.298797,False,True,poor,
amd_mi300x,julia,2d_grid,small,1024,1984,63,32,1,0.03125,29,3.1e-05,3e-05,6e-06,1e-06,18.697296,1e-06,3.2e-05,3e-05,3.1e-05,0.057354,False,True,poor,
amd_mi300x,native,2d_grid,medium,16384,32512,255,128,1,0.007812,30,0.002162,0.002161,3.8e-05,4.9e-05,1.777215,0.002059,0.002216,0.002142,0.00219,1.0,False,False,native,
amd_mi300x,kokkos,2d_grid,medium,16384,32512,255,128,1,0.007812,29,0.433499,0.432842,0.02179,0.022601,5.034054,0.35837,0.466577,0.425834,0.448435,200.461965,True,False,excellent,
amd_mi300x,raja,2d_grid,medium,16384,32512,255,128,1,0.007812,30,0.001526,0.00152,3.1e-05,2.6e-05,2.056235,0.001388,0.001569,0.001508,0.001534,0.705896,False,True,acceptable,
amd_mi300x,sycl,2d_grid,medium,16384,32512,255,128,1,0.007812,30,0.000636,0.000631,1.4e-05,2.1e-05,2.167957,0.000607,0.000655,0.000619,0.00064,0.294104,False,True,poor,
amd_mi300x,julia,2d_grid,medium,16384,32512,255,128,1,0.007812,30,0.00012,0.000119,3e-06,3e-06,2.588201,0.00011,0.000123,0.000118,0.000121,0.05526,False,True,poor,
amd_mi300x,native,2d_grid,large,65536,130560,511,256,1,0.003906,30,0.0043,0.004294,6.4e-05,7.1e-05,1.488996,0.004155,0.004426,0.004264,0.004335,1.0,False,False,native,
amd_mi300x,kokkos,2d_grid,large,65536,130560,511,256,1,0.003906,29,1.430199,1.407751,0.060071,0.050567,4.267149,1.170742,1.466011,1.395408,1.445975,332.604419,True,False,excellent,
amd_mi300x,raja,2d_grid,large,65536,130560,511,256,1,0.003906,30,0.003046,0.003041,5.5e-05,7.2e-05,1.80936,0.002836,0.003105,0.00301,0.003082,0.708256,False,True,acceptable,
amd_mi300x,sycl,2d_grid,large,65536,130560,511,256,1,0.003906,30,0.001344,0.001335,3.9e-05,4.5e-05,2.905742,0.001253,0.001421,0.001314,0.001359,0.312674,False,True,poor,
amd_mi300x,julia,2d_grid,large,65536,130560,511,256,1,0.003906,30,0.000233,0.000232,6e-06,9e-06,2.663883,0.000216,0.000241,0.000228,0.000237,0.054186,False,True,poor,
nvidia_h100_sxm,native,erdos_renyi,small,1024,5177,6,560,1,0.546875,30,0.019732,0.019724,0.000276,0.000375,1.398954,0.01915,0.020084,0.019573,0.019948,1.0,False,False,native,
nvidia_h100_sxm,kokkos,erdos_renyi,small,1024,5177,6,560,1,0.546875,30,0.103648,0.103438,0.001554,0.001086,1.501946,0.096568,0.105142,0.10305,0.104136,5.25268,True,False,excellent,
nvidia_h100_sxm,raja,erdos_renyi,small,1024,5177,6,560,1,0.546875,30,0.021658,0.021612,0.000171,0.000102,0.793333,0.021021,0.021782,0.021614,0.021716,1.097605,True,False,excellent,
nvidia_h100_sxm,julia,erdos_renyi,small,1024,5138,6,500,1,0.488281,30,0.011842,0.011843,0.000181,0.000145,1.5301,0.01128,0.01207,0.0118,0.011945,0.600152,False,True,acceptable,
nvidia_h100_sxm,native,erdos_renyi,medium,16384,82329,7,7631,1,0.465759,30,0.242104,0.241148,0.002208,0.003081,0.915529,0.235265,0.243939,0.23949,0.242572,1.0,False,False,native,
nvidia_h100_sxm,kokkos,erdos_renyi,medium,16384,82329,7,7631,1,0.465759,30,1.562769,1.56576,0.014169,0.012356,0.904897,1.541597,1.609308,1.558074,1.57043,6.454936,True,False,excellent,
nvidia_h100_sxm,raja,erdos_renyi,medium,16384,82329,7,7631,1,0.465759,30,0.255445,0.253728,0.004236,0.003921,1.669317,0.235739,0.257135,0.25209,0.256011,1.0551,True,False,excellent,
nvidia_h100_sxm,julia,erdos_renyi,medium,16384,82186,8,10796,1,0.658936,30,0.109678,0.109303,0.001428,0.000977,1.306718,0.102906,0.11058,0.109069,0.110046,0.453017,False,True,poor,
nvidia_h100_sxm,native,erdos_renyi,large,65536,327013,8,41154,1,0.62796,30,0.839934,0.835976,0.011342,0.020522,1.356681,0.813475,0.847792,0.82519,0.845712,1.0,False,False,native,
nvidia_h100_sxm,kokkos,erdos_renyi,large,65536,327013,8,41154,1,0.62796,30,6.265997,6.252371,0.056747,0.062293,0.9076,6.128544,6.364473,6.211398,6.273691,7.460103,True,False,excellent,
nvidia_h100_sxm,raja,erdos_renyi,large,65536,327013,8,41154,1,0.62796,30,0.883438,0.882637,0.005364,0.004873,0.607699,0.872086,0.893717,0.879936,0.884809,1.051794,True,False,excellent,
nvidia_h100_sxm,julia,erdos_renyi,large,65536,327791,9,30157,1,0.460159,30,0.368512,0.367862,0.002686,0.002789,0.730098,0.360613,0.37084,0.366948,0.369737,0.438739,False,True,poor,
nvidia_h100_sxm,native,2d_grid,small,1024,1984,63,32,1,0.03125,30,0.00075,0.00075,2e-06,2e-06,0.263786,0.000743,0.000753,0.000749,0.000751,1.0,False,False,native,
nvidia_h100_sxm,kokkos,2d_grid,small,1024,1984,63,32,1,0.03125,30,0.041024,0.040765,0.000802,0.000458,1.967018,0.037889,0.041597,0.040643,0.0411,54.698,True,False,excellent,
nvidia_h100_sxm,raja,2d_grid,small,1024,1984,63,32,1,0.03125,30,0.00082,0.000821,2e-06,3e-06,0.280357,0.000817,0.000825,0.000819,0.000822,1.093333,True,False,excellent,
nvidia_h100_sxm,julia,2d_grid,small,1024,1984,63,32,1,0.03125,30,0.000451,0.000451,1e-06,2e-06,0.23639,0.000449,0.000453,0.00045,0.000452,0.601333,False,True,acceptable,
nvidia_h100_sxm,native,2d_grid,medium,16384,32512,255,128,1,0.007812,30,0.00308,0.003079,3e-06,4e-06,0.108772,0.003073,0.003087,0.003077,0.003081,1.0,False,False,native,
nvidia_h100_sxm,kokkos,2d_grid,medium,16384,32512,255,128,1,0.007812,30,0.649596,0.643381,0.035582,0.012473,5.530419,0.480968,0.722826,0.641083,0.653556,210.907955,True,False,excellent,
nvidia_h100_sxm,raja,2d_grid,medium,16384,32512,255,128,1,0.007812,30,0.003281,0.003281,3e-06,4e-06,0.094705,0.003276,0.003288,0.003279,0.003283,1.06526,True,False,excellent,
nvidia_h100_sxm,julia,2d_grid,medium,16384,32512,255,128,1,0.007812,27,0.001339,0.001323,4.5e-05,2.5e-05,3.41749,0.001154,0.001352,0.001318,0.001344,0.43474,False,True,poor,
nvidia_h100_sxm,native,2d_grid,large,65536,130560,511,256,1,0.003906,30,0.00574,0.00573,3e-05,5.1e-05,0.530055,0.005647,0.005768,0.005704,0.005755,1.0,False,False,native,
nvidia_h100_sxm,kokkos,2d_grid,large,65536,130560,511,256,1,0.003906,29,2.620529,2.611825,0.064992,0.024285,2.488372,2.290848,2.667157,2.607602,2.631887,456.498389,True,False,excellent,
nvidia_h100_sxm,raja,2d_grid,large,65536,130560,511,256,1,0.003906,30,0.006638,0.006633,2.7e-05,7e-06,0.40722,0.006492,0.006647,0.006634,0.006641,1.156345,True,False,excellent,
nvidia_h100_sxm,julia,2d_grid,large,65536,130560,511,256,1,0.003906,29,0.002699,0.00265,0.000249,3.4e-05,9.381813,0.001372,0.002727,0.002687,0.002721,0.470168,False,True,poor,
