timestamp,experiment_id,kernel,abstraction,platform,matrix_type,problem_size,n_rows,nnz,run_id,execution_time_ms,throughput_gflops,hw_state_verified
2026-04-02T20:25:49Z,spmv_kokkos_nvidia_h100_sxm_laplacian_2d_small_n1024_001,spmv,kokkos,nvidia_h100_sxm,laplacian_2d,small,1024,4992,1,0.009240,1.080519,1
2026-04-02T20:25:49Z,spmv_kokkos_nvidia_h100_sxm_laplacian_2d_small_n1024_002,spmv,kokkos,nvidia_h100_sxm,laplacian_2d,small,1024,4992,2,0.009660,1.033540,1
2026-04-02T20:25:49Z,spmv_kokkos_nvidia_h100_sxm_laplacian_2d_small_n1024_003,spmv,kokkos,nvidia_h100_sxm,laplacian_2d,small,1024,4992,3,0.009218,1.083098,1
2026-04-02T20:25:49Z,spmv_kokkos_nvidia_h100_sxm_laplacian_2d_small_n1024_004,spmv,kokkos,nvidia_h100_sxm,laplacian_2d,small,1024,4992,4,0.009294,1.074241,1
2026-04-02T20:25:49Z,spmv_kokkos_nvidia_h100_sxm_laplacian_2d_small_n1024_005,spmv,kokkos,nvidia_h100_sxm,laplacian_2d,small,1024,4992,5,0.009159,1.090075,1
2026-04-02T20:25:49Z,spmv_kokkos_nvidia_h100_sxm_laplacian_2d_small_n1024_006,spmv,kokkos,nvidia_h100_sxm,laplacian_2d,small,1024,4992,6,0.009009,1.108225,1
2026-04-02T20:25:49Z,spmv_kokkos_nvidia_h100_sxm_laplacian_2d_small_n1024_007,spmv,kokkos,nvidia_h100_sxm,laplacian_2d,small,1024,4992,7,0.009738,1.025262,1
2026-04-02T20:25:49Z,spmv_kokkos_nvidia_h100_sxm_laplacian_2d_small_n1024_008,spmv,kokkos,nvidia_h100_sxm,laplacian_2d,small,1024,4992,8,0.009050,1.103204,1
2026-04-02T20:25:49Z,spmv_kokkos_nvidia_h100_sxm_laplacian_2d_small_n1024_009,spmv,kokkos,nvidia_h100_sxm,laplacian_2d,small,1024,4992,9,0.009347,1.068150,1
2026-04-02T20:25:49Z,spmv_kokkos_nvidia_h100_sxm_laplacian_2d_small_n1024_010,spmv,kokkos,nvidia_h100_sxm,laplacian_2d,small,1024,4992,10,0.008948,1.115780,1
2026-04-02T20:25:49Z,spmv_kokkos_nvidia_h100_sxm_laplacian_2d_small_n1024_011,spmv,kokkos,nvidia_h100_sxm,laplacian_2d,small,1024,4992,11,0.008933,1.117654,1
2026-04-02T20:25:49Z,spmv_kokkos_nvidia_h100_sxm_laplacian_2d_small_n1024_012,spmv,kokkos,nvidia_h100_sxm,laplacian_2d,small,1024,4992,12,0.009369,1.065642,1
2026-04-02T20:25:49Z,spmv_kokkos_nvidia_h100_sxm_laplacian_2d_small_n1024_013,spmv,kokkos,nvidia_h100_sxm,laplacian_2d,small,1024,4992,13,0.008973,1.112671,1
2026-04-02T20:25:49Z,spmv_kokkos_nvidia_h100_sxm_laplacian_2d_small_n1024_014,spmv,kokkos,nvidia_h100_sxm,laplacian_2d,small,1024,4992,14,0.009395,1.062693,1
2026-04-02T20:25:49Z,spmv_kokkos_nvidia_h100_sxm_laplacian_2d_small_n1024_015,spmv,kokkos,nvidia_h100_sxm,laplacian_2d,small,1024,4992,15,0.009021,1.106751,1
2026-04-02T20:25:49Z,spmv_kokkos_nvidia_h100_sxm_laplacian_2d_small_n1024_016,spmv,kokkos,nvidia_h100_sxm,laplacian_2d,small,1024,4992,16,0.009035,1.105036,1
2026-04-02T20:25:49Z,spmv_kokkos_nvidia_h100_sxm_laplacian_2d_small_n1024_017,spmv,kokkos,nvidia_h100_sxm,laplacian_2d,small,1024,4992,17,0.009393,1.062919,1
2026-04-02T20:25:49Z,spmv_kokkos_nvidia_h100_sxm_laplacian_2d_small_n1024_018,spmv,kokkos,nvidia_h100_sxm,laplacian_2d,small,1024,4992,18,0.008931,1.117904,1
2026-04-02T20:25:49Z,spmv_kokkos_nvidia_h100_sxm_laplacian_2d_small_n1024_019,spmv,kokkos,nvidia_h100_sxm,laplacian_2d,small,1024,4992,19,0.009560,1.044351,1
2026-04-02T20:25:49Z,spmv_kokkos_nvidia_h100_sxm_laplacian_2d_small_n1024_020,spmv,kokkos,nvidia_h100_sxm,laplacian_2d,small,1024,4992,20,0.008919,1.119408,1
2026-04-02T20:25:49Z,spmv_kokkos_nvidia_h100_sxm_laplacian_2d_small_n1024_021,spmv,kokkos,nvidia_h100_sxm,laplacian_2d,small,1024,4992,21,0.009498,1.051169,1
2026-04-02T20:25:49Z,spmv_kokkos_nvidia_h100_sxm_laplacian_2d_small_n1024_022,spmv,kokkos,nvidia_h100_sxm,laplacian_2d,small,1024,4992,22,0.009237,1.080870,1
2026-04-02T20:25:49Z,spmv_kokkos_nvidia_h100_sxm_laplacian_2d_small_n1024_023,spmv,kokkos,nvidia_h100_sxm,laplacian_2d,small,1024,4992,23,0.009021,1.106751,1
2026-04-02T20:25:49Z,spmv_kokkos_nvidia_h100_sxm_laplacian_2d_small_n1024_024,spmv,kokkos,nvidia_h100_sxm,laplacian_2d,small,1024,4992,24,0.010331,0.966412,1
2026-04-02T20:25:49Z,spmv_kokkos_nvidia_h100_sxm_laplacian_2d_small_n1024_025,spmv,kokkos,nvidia_h100_sxm,laplacian_2d,small,1024,4992,25,0.009272,1.076790,1
2026-04-02T20:25:49Z,spmv_kokkos_nvidia_h100_sxm_laplacian_2d_small_n1024_026,spmv,kokkos,nvidia_h100_sxm,laplacian_2d,small,1024,4992,26,0.009504,1.050505,1
2026-04-02T20:25:49Z,spmv_kokkos_nvidia_h100_sxm_laplacian_2d_small_n1024_027,spmv,kokkos,nvidia_h100_sxm,laplacian_2d,small,1024,4992,27,0.009072,1.100529,1
2026-04-02T20:25:49Z,spmv_kokkos_nvidia_h100_sxm_laplacian_2d_small_n1024_028,spmv,kokkos,nvidia_h100_sxm,laplacian_2d,small,1024,4992,28,0.009095,1.097746,1
2026-04-02T20:25:49Z,spmv_kokkos_nvidia_h100_sxm_laplacian_2d_small_n1024_029,spmv,kokkos,nvidia_h100_sxm,laplacian_2d,small,1024,4992,29,0.009624,1.037406,1
2026-04-02T20:25:49Z,spmv_kokkos_nvidia_h100_sxm_laplacian_2d_small_n1024_030,spmv,kokkos,nvidia_h100_sxm,laplacian_2d,small,1024,4992,30,0.008796,1.135061,1
2026-04-02T20:25:50Z,spmv_kokkos_nvidia_h100_sxm_laplacian_2d_medium_n8281_001,spmv,kokkos,nvidia_h100_sxm,laplacian_2d,medium,8281,41041,1,0.009743,8.424715,1
2026-04-02T20:25:50Z,spmv_kokkos_nvidia_h100_sxm_laplacian_2d_medium_n8281_002,spmv,kokkos,nvidia_h100_sxm,laplacian_2d,medium,8281,41041,2,0.009897,8.293624,1
2026-04-02T20:25:50Z,spmv_kokkos_nvidia_h100_sxm_laplacian_2d_medium_n8281_003,spmv,kokkos,nvidia_h100_sxm,laplacian_2d,medium,8281,41041,3,0.009448,8.687765,1
2026-04-02T20:25:50Z,spmv_kokkos_nvidia_h100_sxm_laplacian_2d_medium_n8281_004,spmv,kokkos,nvidia_h100_sxm,laplacian_2d,medium,8281,41041,4,0.009373,8.757282,1
2026-04-02T20:25:50Z,spmv_kokkos_nvidia_h100_sxm_laplacian_2d_medium_n8281_005,spmv,kokkos,nvidia_h100_sxm,laplacian_2d,medium,8281,41041,5,0.010048,8.168989,1
2026-04-02T20:25:50Z,spmv_kokkos_nvidia_h100_sxm_laplacian_2d_medium_n8281_006,spmv,kokkos,nvidia_h100_sxm,laplacian_2d,medium,8281,41041,6,0.009348,8.780702,1
2026-04-02T20:25:50Z,spmv_kokkos_nvidia_h100_sxm_laplacian_2d_medium_n8281_007,spmv,kokkos,nvidia_h100_sxm,laplacian_2d,medium,8281,41041,7,0.009717,8.447257,1
2026-04-02T20:25:50Z,spmv_kokkos_nvidia_h100_sxm_laplacian_2d_medium_n8281_008,spmv,kokkos,nvidia_h100_sxm,laplacian_2d,medium,8281,41041,8,0.009311,8.815594,1
2026-04-02T20:25:50Z,spmv_kokkos_nvidia_h100_sxm_laplacian_2d_medium_n8281_009,spmv,kokkos,nvidia_h100_sxm,laplacian_2d,medium,8281,41041,9,0.009963,8.238683,1
2026-04-02T20:25:50Z,spmv_kokkos_nvidia_h100_sxm_laplacian_2d_medium_n8281_010,spmv,kokkos,nvidia_h100_sxm,laplacian_2d,medium,8281,41041,10,0.009553,8.592275,1
2026-04-02T20:25:50Z,spmv_kokkos_nvidia_h100_sxm_laplacian_2d_medium_n8281_011,spmv,kokkos,nvidia_h100_sxm,laplacian_2d,medium,8281,41041,11,0.009450,8.685926,1
2026-04-02T20:25:50Z,spmv_kokkos_nvidia_h100_sxm_laplacian_2d_medium_n8281_012,spmv,kokkos,nvidia_h100_sxm,laplacian_2d,medium,8281,41041,12,0.009673,8.485682,1
2026-04-02T20:25:50Z,spmv_kokkos_nvidia_h100_sxm_laplacian_2d_medium_n8281_013,spmv,kokkos,nvidia_h100_sxm,laplacian_2d,medium,8281,41041,13,0.009443,8.692365,1
2026-04-02T20:25:50Z,spmv_kokkos_nvidia_h100_sxm_laplacian_2d_medium_n8281_014,spmv,kokkos,nvidia_h100_sxm,laplacian_2d,medium,8281,41041,14,0.009792,8.382557,1
2026-04-02T20:25:50Z,spmv_kokkos_nvidia_h100_sxm_laplacian_2d_medium_n8281_015,spmv,kokkos,nvidia_h100_sxm,laplacian_2d,medium,8281,41041,15,0.009489,8.650227,1
2026-04-02T20:25:50Z,spmv_kokkos_nvidia_h100_sxm_laplacian_2d_medium_n8281_016,spmv,kokkos,nvidia_h100_sxm,laplacian_2d,medium,8281,41041,16,0.009106,9.014057,1
2026-04-02T20:25:50Z,spmv_kokkos_nvidia_h100_sxm_laplacian_2d_medium_n8281_017,spmv,kokkos,nvidia_h100_sxm,laplacian_2d,medium,8281,41041,17,0.010461,7.846477,1
2026-04-02T20:25:50Z,spmv_kokkos_nvidia_h100_sxm_laplacian_2d_medium_n8281_018,spmv,kokkos,nvidia_h100_sxm,laplacian_2d,medium,8281,41041,18,0.009462,8.674910,1
2026-04-02T20:25:50Z,spmv_kokkos_nvidia_h100_sxm_laplacian_2d_medium_n8281_019,spmv,kokkos,nvidia_h100_sxm,laplacian_2d,medium,8281,41041,19,0.009698,8.463807,1
2026-04-02T20:25:50Z,spmv_kokkos_nvidia_h100_sxm_laplacian_2d_medium_n8281_020,spmv,kokkos,nvidia_h100_sxm,laplacian_2d,medium,8281,41041,20,0.009207,8.915173,1
2026-04-02T20:25:50Z,spmv_kokkos_nvidia_h100_sxm_laplacian_2d_medium_n8281_021,spmv,kokkos,nvidia_h100_sxm,laplacian_2d,medium,8281,41041,21,0.009774,8.397995,1
2026-04-02T20:25:50Z,spmv_kokkos_nvidia_h100_sxm_laplacian_2d_medium_n8281_022,spmv,kokkos,nvidia_h100_sxm,laplacian_2d,medium,8281,41041,22,0.009136,8.984457,1
2026-04-02T20:25:50Z,spmv_kokkos_nvidia_h100_sxm_laplacian_2d_medium_n8281_023,spmv,kokkos,nvidia_h100_sxm,laplacian_2d,medium,8281,41041,23,0.009131,8.989377,1
2026-04-02T20:25:50Z,spmv_kokkos_nvidia_h100_sxm_laplacian_2d_medium_n8281_024,spmv,kokkos,nvidia_h100_sxm,laplacian_2d,medium,8281,41041,24,0.009682,8.477794,1
2026-04-02T20:25:50Z,spmv_kokkos_nvidia_h100_sxm_laplacian_2d_medium_n8281_025,spmv,kokkos,nvidia_h100_sxm,laplacian_2d,medium,8281,41041,25,0.009379,8.751679,1
2026-04-02T20:25:50Z,spmv_kokkos_nvidia_h100_sxm_laplacian_2d_medium_n8281_026,spmv,kokkos,nvidia_h100_sxm,laplacian_2d,medium,8281,41041,26,0.009904,8.287763,1
2026-04-02T20:25:50Z,spmv_kokkos_nvidia_h100_sxm_laplacian_2d_medium_n8281_027,spmv,kokkos,nvidia_h100_sxm,laplacian_2d,medium,8281,41041,27,0.009408,8.724702,1
2026-04-02T20:25:50Z,spmv_kokkos_nvidia_h100_sxm_laplacian_2d_medium_n8281_028,spmv,kokkos,nvidia_h100_sxm,laplacian_2d,medium,8281,41041,28,0.009364,8.765698,1
2026-04-02T20:25:50Z,spmv_kokkos_nvidia_h100_sxm_laplacian_2d_medium_n8281_029,spmv,kokkos,nvidia_h100_sxm,laplacian_2d,medium,8281,41041,29,0.010081,8.142248,1
2026-04-02T20:25:50Z,spmv_kokkos_nvidia_h100_sxm_laplacian_2d_medium_n8281_030,spmv,kokkos,nvidia_h100_sxm,laplacian_2d,medium,8281,41041,30,0.009330,8.797642,1
2026-04-02T20:25:50Z,spmv_kokkos_nvidia_h100_sxm_laplacian_2d_large_n32942_001,spmv,kokkos,nvidia_h100_sxm,laplacian_2d,large,32942,163984,1,0.009791,33.496885,1
2026-04-02T20:25:50Z,spmv_kokkos_nvidia_h100_sxm_laplacian_2d_large_n32942_002,spmv,kokkos,nvidia_h100_sxm,laplacian_2d,large,32942,163984,2,0.010418,31.480898,1
2026-04-02T20:25:50Z,spmv_kokkos_nvidia_h100_sxm_laplacian_2d_large_n32942_003,spmv,kokkos,nvidia_h100_sxm,laplacian_2d,large,32942,163984,3,0.010240,32.028125,1
2026-04-02T20:25:50Z,spmv_kokkos_nvidia_h100_sxm_laplacian_2d_large_n32942_004,spmv,kokkos,nvidia_h100_sxm,laplacian_2d,large,32942,163984,4,0.010289,31.875595,1
2026-04-02T20:25:50Z,spmv_kokkos_nvidia_h100_sxm_laplacian_2d_large_n32942_005,spmv,kokkos,nvidia_h100_sxm,laplacian_2d,large,32942,163984,5,0.009816,33.411573,1
2026-04-02T20:25:50Z,spmv_kokkos_nvidia_h100_sxm_laplacian_2d_large_n32942_006,spmv,kokkos,nvidia_h100_sxm,laplacian_2d,large,32942,163984,6,0.009963,32.918599,1
2026-04-02T20:25:50Z,spmv_kokkos_nvidia_h100_sxm_laplacian_2d_large_n32942_007,spmv,kokkos,nvidia_h100_sxm,laplacian_2d,large,32942,163984,7,0.010494,31.252906,1
2026-04-02T20:25:50Z,spmv_kokkos_nvidia_h100_sxm_laplacian_2d_large_n32942_008,spmv,kokkos,nvidia_h100_sxm,laplacian_2d,large,32942,163984,8,0.009738,33.679195,1
2026-04-02T20:25:50Z,spmv_kokkos_nvidia_h100_sxm_laplacian_2d_large_n32942_009,spmv,kokkos,nvidia_h100_sxm,laplacian_2d,large,32942,163984,9,0.010150,32.312118,1
2026-04-02T20:25:50Z,spmv_kokkos_nvidia_h100_sxm_laplacian_2d_large_n32942_010,spmv,kokkos,nvidia_h100_sxm,laplacian_2d,large,32942,163984,10,0.009939,32.998088,1
2026-04-02T20:25:50Z,spmv_kokkos_nvidia_h100_sxm_laplacian_2d_large_n32942_011,spmv,kokkos,nvidia_h100_sxm,laplacian_2d,large,32942,163984,11,0.010494,31.252906,1
2026-04-02T20:25:50Z,spmv_kokkos_nvidia_h100_sxm_laplacian_2d_large_n32942_012,spmv,kokkos,nvidia_h100_sxm,laplacian_2d,large,32942,163984,12,0.009901,33.124735,1
2026-04-02T20:25:50Z,spmv_kokkos_nvidia_h100_sxm_laplacian_2d_large_n32942_013,spmv,kokkos,nvidia_h100_sxm,laplacian_2d,large,32942,163984,13,0.009687,33.856509,1
2026-04-02T20:25:50Z,spmv_kokkos_nvidia_h100_sxm_laplacian_2d_large_n32942_014,spmv,kokkos,nvidia_h100_sxm,laplacian_2d,large,32942,163984,14,0.010333,31.739863,1
2026-04-02T20:25:50Z,spmv_kokkos_nvidia_h100_sxm_laplacian_2d_large_n32942_015,spmv,kokkos,nvidia_h100_sxm,laplacian_2d,large,32942,163984,15,0.009960,32.928514,1
2026-04-02T20:25:50Z,spmv_kokkos_nvidia_h100_sxm_laplacian_2d_large_n32942_016,spmv,kokkos,nvidia_h100_sxm,laplacian_2d,large,32942,163984,16,0.010431,31.441664,1
2026-04-02T20:25:50Z,spmv_kokkos_nvidia_h100_sxm_laplacian_2d_large_n32942_017,spmv,kokkos,nvidia_h100_sxm,laplacian_2d,large,32942,163984,17,0.009815,33.414977,1
2026-04-02T20:25:50Z,spmv_kokkos_nvidia_h100_sxm_laplacian_2d_large_n32942_018,spmv,kokkos,nvidia_h100_sxm,laplacian_2d,large,32942,163984,18,0.009990,32.829630,1
2026-04-02T20:25:50Z,spmv_kokkos_nvidia_h100_sxm_laplacian_2d_large_n32942_019,spmv,kokkos,nvidia_h100_sxm,laplacian_2d,large,32942,163984,19,0.010966,29.907715,1
2026-04-02T20:25:50Z,spmv_kokkos_nvidia_h100_sxm_laplacian_2d_large_n32942_020,spmv,kokkos,nvidia_h100_sxm,laplacian_2d,large,32942,163984,20,0.009853,33.286106,1
2026-04-02T20:25:50Z,spmv_kokkos_nvidia_h100_sxm_laplacian_2d_large_n32942_021,spmv,kokkos,nvidia_h100_sxm,laplacian_2d,large,32942,163984,21,0.010223,32.081385,1
2026-04-02T20:25:50Z,spmv_kokkos_nvidia_h100_sxm_laplacian_2d_large_n32942_022,spmv,kokkos,nvidia_h100_sxm,laplacian_2d,large,32942,163984,22,0.009835,33.347026,1
2026-04-02T20:25:50Z,spmv_kokkos_nvidia_h100_sxm_laplacian_2d_large_n32942_023,spmv,kokkos,nvidia_h100_sxm,laplacian_2d,large,32942,163984,23,0.010519,31.178629,1
2026-04-02T20:25:50Z,spmv_kokkos_nvidia_h100_sxm_laplacian_2d_large_n32942_024,spmv,kokkos,nvidia_h100_sxm,laplacian_2d,large,32942,163984,24,0.009787,33.510575,1
2026-04-02T20:25:50Z,spmv_kokkos_nvidia_h100_sxm_laplacian_2d_large_n32942_025,spmv,kokkos,nvidia_h100_sxm,laplacian_2d,large,32942,163984,25,0.009728,33.713816,1
2026-04-02T20:25:50Z,spmv_kokkos_nvidia_h100_sxm_laplacian_2d_large_n32942_026,spmv,kokkos,nvidia_h100_sxm,laplacian_2d,large,32942,163984,26,0.010191,32.182121,1
2026-04-02T20:25:50Z,spmv_kokkos_nvidia_h100_sxm_laplacian_2d_large_n32942_027,spmv,kokkos,nvidia_h100_sxm,laplacian_2d,large,32942,163984,27,0.010024,32.718276,1
2026-04-02T20:25:50Z,spmv_kokkos_nvidia_h100_sxm_laplacian_2d_large_n32942_028,spmv,kokkos,nvidia_h100_sxm,laplacian_2d,large,32942,163984,28,0.010591,30.966670,1
2026-04-02T20:25:50Z,spmv_kokkos_nvidia_h100_sxm_laplacian_2d_large_n32942_029,spmv,kokkos,nvidia_h100_sxm,laplacian_2d,large,32942,163984,29,0.009928,33.034649,1
2026-04-02T20:25:50Z,spmv_kokkos_nvidia_h100_sxm_laplacian_2d_large_n32942_030,spmv,kokkos,nvidia_h100_sxm,laplacian_2d,large,32942,163984,30,0.009920,33.061290,1
2026-04-02T20:25:51Z,spmv_kokkos_nvidia_h100_sxm_random_sparse_small_n1024_001,spmv,kokkos,nvidia_h100_sxm,random_sparse,small,1024,5120,1,0.009144,1.119860,1
2026-04-02T20:25:51Z,spmv_kokkos_nvidia_h100_sxm_random_sparse_small_n1024_002,spmv,kokkos,nvidia_h100_sxm,random_sparse,small,1024,5120,2,0.009706,1.055018,1
2026-04-02T20:25:51Z,spmv_kokkos_nvidia_h100_sxm_random_sparse_small_n1024_003,spmv,kokkos,nvidia_h100_sxm,random_sparse,small,1024,5120,3,0.009242,1.107985,1
2026-04-02T20:25:51Z,spmv_kokkos_nvidia_h100_sxm_random_sparse_small_n1024_004,spmv,kokkos,nvidia_h100_sxm,random_sparse,small,1024,5120,4,0.009340,1.096360,1
2026-04-02T20:25:51Z,spmv_kokkos_nvidia_h100_sxm_random_sparse_small_n1024_005,spmv,kokkos,nvidia_h100_sxm,random_sparse,small,1024,5120,5,0.008770,1.167617,1
2026-04-02T20:25:51Z,spmv_kokkos_nvidia_h100_sxm_random_sparse_small_n1024_006,spmv,kokkos,nvidia_h100_sxm,random_sparse,small,1024,5120,6,0.009178,1.115711,1
2026-04-02T20:25:51Z,spmv_kokkos_nvidia_h100_sxm_random_sparse_small_n1024_007,spmv,kokkos,nvidia_h100_sxm,random_sparse,small,1024,5120,7,0.009599,1.066778,1
2026-04-02T20:25:51Z,spmv_kokkos_nvidia_h100_sxm_random_sparse_small_n1024_008,spmv,kokkos,nvidia_h100_sxm,random_sparse,small,1024,5120,8,0.008950,1.144134,1
2026-04-02T20:25:51Z,spmv_kokkos_nvidia_h100_sxm_random_sparse_small_n1024_009,spmv,kokkos,nvidia_h100_sxm,random_sparse,small,1024,5120,9,0.009155,1.118514,1
2026-04-02T20:25:51Z,spmv_kokkos_nvidia_h100_sxm_random_sparse_small_n1024_010,spmv,kokkos,nvidia_h100_sxm,random_sparse,small,1024,5120,10,0.008931,1.146568,1
2026-04-02T20:25:51Z,spmv_kokkos_nvidia_h100_sxm_random_sparse_small_n1024_011,spmv,kokkos,nvidia_h100_sxm,random_sparse,small,1024,5120,11,0.008896,1.151079,1
2026-04-02T20:25:51Z,spmv_kokkos_nvidia_h100_sxm_random_sparse_small_n1024_012,spmv,kokkos,nvidia_h100_sxm,random_sparse,small,1024,5120,12,0.009344,1.095890,1
2026-04-02T20:25:51Z,spmv_kokkos_nvidia_h100_sxm_random_sparse_small_n1024_013,spmv,kokkos,nvidia_h100_sxm,random_sparse,small,1024,5120,13,0.009095,1.125893,1
2026-04-02T20:25:51Z,spmv_kokkos_nvidia_h100_sxm_random_sparse_small_n1024_014,spmv,kokkos,nvidia_h100_sxm,random_sparse,small,1024,5120,14,0.009672,1.058726,1
2026-04-02T20:25:51Z,spmv_kokkos_nvidia_h100_sxm_random_sparse_small_n1024_015,spmv,kokkos,nvidia_h100_sxm,random_sparse,small,1024,5120,15,0.009190,1.114255,1
2026-04-02T20:25:51Z,spmv_kokkos_nvidia_h100_sxm_random_sparse_small_n1024_016,spmv,kokkos,nvidia_h100_sxm,random_sparse,small,1024,5120,16,0.008981,1.140185,1
2026-04-02T20:25:51Z,spmv_kokkos_nvidia_h100_sxm_random_sparse_small_n1024_017,spmv,kokkos,nvidia_h100_sxm,random_sparse,small,1024,5120,17,0.009582,1.068670,1
2026-04-02T20:25:51Z,spmv_kokkos_nvidia_h100_sxm_random_sparse_small_n1024_018,spmv,kokkos,nvidia_h100_sxm,random_sparse,small,1024,5120,18,0.008901,1.150433,1
2026-04-02T20:25:51Z,spmv_kokkos_nvidia_h100_sxm_random_sparse_small_n1024_019,spmv,kokkos,nvidia_h100_sxm,random_sparse,small,1024,5120,19,0.009566,1.070458,1
2026-04-02T20:25:51Z,spmv_kokkos_nvidia_h100_sxm_random_sparse_small_n1024_020,spmv,kokkos,nvidia_h100_sxm,random_sparse,small,1024,5120,20,0.008959,1.142985,1
2026-04-02T20:25:51Z,spmv_kokkos_nvidia_h100_sxm_random_sparse_small_n1024_021,spmv,kokkos,nvidia_h100_sxm,random_sparse,small,1024,5120,21,0.009289,1.102379,1
2026-04-02T20:25:51Z,spmv_kokkos_nvidia_h100_sxm_random_sparse_small_n1024_022,spmv,kokkos,nvidia_h100_sxm,random_sparse,small,1024,5120,22,0.009024,1.134752,1
2026-04-02T20:25:51Z,spmv_kokkos_nvidia_h100_sxm_random_sparse_small_n1024_023,spmv,kokkos,nvidia_h100_sxm,random_sparse,small,1024,5120,23,0.008989,1.139170,1
2026-04-02T20:25:51Z,spmv_kokkos_nvidia_h100_sxm_random_sparse_small_n1024_024,spmv,kokkos,nvidia_h100_sxm,random_sparse,small,1024,5120,24,0.009393,1.090174,1
2026-04-02T20:25:51Z,spmv_kokkos_nvidia_h100_sxm_random_sparse_small_n1024_025,spmv,kokkos,nvidia_h100_sxm,random_sparse,small,1024,5120,25,0.009067,1.129370,1
2026-04-02T20:25:51Z,spmv_kokkos_nvidia_h100_sxm_random_sparse_small_n1024_026,spmv,kokkos,nvidia_h100_sxm,random_sparse,small,1024,5120,26,0.009509,1.076875,1
2026-04-02T20:25:51Z,spmv_kokkos_nvidia_h100_sxm_random_sparse_small_n1024_027,spmv,kokkos,nvidia_h100_sxm,random_sparse,small,1024,5120,27,0.008836,1.158895,1
2026-04-02T20:25:51Z,spmv_kokkos_nvidia_h100_sxm_random_sparse_small_n1024_028,spmv,kokkos,nvidia_h100_sxm,random_sparse,small,1024,5120,28,0.008868,1.154714,1
2026-04-02T20:25:51Z,spmv_kokkos_nvidia_h100_sxm_random_sparse_small_n1024_029,spmv,kokkos,nvidia_h100_sxm,random_sparse,small,1024,5120,29,0.009412,1.087973,1
2026-04-02T20:25:51Z,spmv_kokkos_nvidia_h100_sxm_random_sparse_small_n1024_030,spmv,kokkos,nvidia_h100_sxm,random_sparse,small,1024,5120,30,0.009168,1.116928,1
2026-04-02T20:25:52Z,spmv_kokkos_nvidia_h100_sxm_random_sparse_medium_n8192_001,spmv,kokkos,nvidia_h100_sxm,random_sparse,medium,8192,40960,1,0.009621,8.514707,1
2026-04-02T20:25:52Z,spmv_kokkos_nvidia_h100_sxm_random_sparse_medium_n8192_002,spmv,kokkos,nvidia_h100_sxm,random_sparse,medium,8192,40960,2,0.009872,8.298217,1
2026-04-02T20:25:52Z,spmv_kokkos_nvidia_h100_sxm_random_sparse_medium_n8192_003,spmv,kokkos,nvidia_h100_sxm,random_sparse,medium,8192,40960,3,0.009227,8.878292,1
2026-04-02T20:25:52Z,spmv_kokkos_nvidia_h100_sxm_random_sparse_medium_n8192_004,spmv,kokkos,nvidia_h100_sxm,random_sparse,medium,8192,40960,4,0.009337,8.773696,1
2026-04-02T20:25:52Z,spmv_kokkos_nvidia_h100_sxm_random_sparse_medium_n8192_005,spmv,kokkos,nvidia_h100_sxm,random_sparse,medium,8192,40960,5,0.009790,8.367722,1
2026-04-02T20:25:52Z,spmv_kokkos_nvidia_h100_sxm_random_sparse_medium_n8192_006,spmv,kokkos,nvidia_h100_sxm,random_sparse,medium,8192,40960,6,0.009283,8.824733,1
2026-04-02T20:25:52Z,spmv_kokkos_nvidia_h100_sxm_random_sparse_medium_n8192_007,spmv,kokkos,nvidia_h100_sxm,random_sparse,medium,8192,40960,7,0.009864,8.304947,1
2026-04-02T20:25:52Z,spmv_kokkos_nvidia_h100_sxm_random_sparse_medium_n8192_008,spmv,kokkos,nvidia_h100_sxm,random_sparse,medium,8192,40960,8,0.009354,8.757751,1
2026-04-02T20:25:52Z,spmv_kokkos_nvidia_h100_sxm_random_sparse_medium_n8192_009,spmv,kokkos,nvidia_h100_sxm,random_sparse,medium,8192,40960,9,0.009753,8.399467,1
2026-04-02T20:25:52Z,spmv_kokkos_nvidia_h100_sxm_random_sparse_medium_n8192_010,spmv,kokkos,nvidia_h100_sxm,random_sparse,medium,8192,40960,10,0.009153,8.950071,1
2026-04-02T20:25:52Z,spmv_kokkos_nvidia_h100_sxm_random_sparse_medium_n8192_011,spmv,kokkos,nvidia_h100_sxm,random_sparse,medium,8192,40960,11,0.009170,8.933479,1
2026-04-02T20:25:52Z,spmv_kokkos_nvidia_h100_sxm_random_sparse_medium_n8192_012,spmv,kokkos,nvidia_h100_sxm,random_sparse,medium,8192,40960,12,0.009603,8.530667,1
2026-04-02T20:25:52Z,spmv_kokkos_nvidia_h100_sxm_random_sparse_medium_n8192_013,spmv,kokkos,nvidia_h100_sxm,random_sparse,medium,8192,40960,13,0.009234,8.871562,1
2026-04-02T20:25:52Z,spmv_kokkos_nvidia_h100_sxm_random_sparse_medium_n8192_014,spmv,kokkos,nvidia_h100_sxm,random_sparse,medium,8192,40960,14,0.009587,8.544905,1
2026-04-02T20:25:52Z,spmv_kokkos_nvidia_h100_sxm_random_sparse_medium_n8192_015,spmv,kokkos,nvidia_h100_sxm,random_sparse,medium,8192,40960,15,0.009292,8.816186,1
2026-04-02T20:25:52Z,spmv_kokkos_nvidia_h100_sxm_random_sparse_medium_n8192_016,spmv,kokkos,nvidia_h100_sxm,random_sparse,medium,8192,40960,16,0.009092,9.010119,1
2026-04-02T20:25:52Z,spmv_kokkos_nvidia_h100_sxm_random_sparse_medium_n8192_017,spmv,kokkos,nvidia_h100_sxm,random_sparse,medium,8192,40960,17,0.009729,8.420187,1
2026-04-02T20:25:52Z,spmv_kokkos_nvidia_h100_sxm_random_sparse_medium_n8192_018,spmv,kokkos,nvidia_h100_sxm,random_sparse,medium,8192,40960,18,0.009374,8.739066,1
2026-04-02T20:25:52Z,spmv_kokkos_nvidia_h100_sxm_random_sparse_medium_n8192_019,spmv,kokkos,nvidia_h100_sxm,random_sparse,medium,8192,40960,19,0.009664,8.476821,1
2026-04-02T20:25:52Z,spmv_kokkos_nvidia_h100_sxm_random_sparse_medium_n8192_020,spmv,kokkos,nvidia_h100_sxm,random_sparse,medium,8192,40960,20,0.009221,8.884069,1
2026-04-02T20:25:52Z,spmv_kokkos_nvidia_h100_sxm_random_sparse_medium_n8192_021,spmv,kokkos,nvidia_h100_sxm,random_sparse,medium,8192,40960,21,0.009673,8.468934,1
2026-04-02T20:25:52Z,spmv_kokkos_nvidia_h100_sxm_random_sparse_medium_n8192_022,spmv,kokkos,nvidia_h100_sxm,random_sparse,medium,8192,40960,22,0.009193,8.911128,1
2026-04-02T20:25:52Z,spmv_kokkos_nvidia_h100_sxm_random_sparse_medium_n8192_023,spmv,kokkos,nvidia_h100_sxm,random_sparse,medium,8192,40960,23,0.009113,8.989356,1
2026-04-02T20:25:52Z,spmv_kokkos_nvidia_h100_sxm_random_sparse_medium_n8192_024,spmv,kokkos,nvidia_h100_sxm,random_sparse,medium,8192,40960,24,0.009830,8.333672,1
2026-04-02T20:25:52Z,spmv_kokkos_nvidia_h100_sxm_random_sparse_medium_n8192_025,spmv,kokkos,nvidia_h100_sxm,random_sparse,medium,8192,40960,25,0.009451,8.667866,1
2026-04-02T20:25:52Z,spmv_kokkos_nvidia_h100_sxm_random_sparse_medium_n8192_026,spmv,kokkos,nvidia_h100_sxm,random_sparse,medium,8192,40960,26,0.009572,8.558295,1
2026-04-02T20:25:52Z,spmv_kokkos_nvidia_h100_sxm_random_sparse_medium_n8192_027,spmv,kokkos,nvidia_h100_sxm,random_sparse,medium,8192,40960,27,0.009432,8.685327,1
2026-04-02T20:25:52Z,spmv_kokkos_nvidia_h100_sxm_random_sparse_medium_n8192_028,spmv,kokkos,nvidia_h100_sxm,random_sparse,medium,8192,40960,28,0.009223,8.882142,1
2026-04-02T20:25:52Z,spmv_kokkos_nvidia_h100_sxm_random_sparse_medium_n8192_029,spmv,kokkos,nvidia_h100_sxm,random_sparse,medium,8192,40960,29,0.009799,8.360037,1
2026-04-02T20:25:52Z,spmv_kokkos_nvidia_h100_sxm_random_sparse_medium_n8192_030,spmv,kokkos,nvidia_h100_sxm,random_sparse,medium,8192,40960,30,0.009294,8.814289,1
2026-04-02T20:25:53Z,spmv_kokkos_nvidia_h100_sxm_random_sparse_large_n32768_001,spmv,kokkos,nvidia_h100_sxm,random_sparse,large,32768,163840,1,0.010879,30.120415,1
2026-04-02T20:25:53Z,spmv_kokkos_nvidia_h100_sxm_random_sparse_large_n32768_002,spmv,kokkos,nvidia_h100_sxm,random_sparse,large,32768,163840,2,0.011302,28.993099,1
2026-04-02T20:25:53Z,spmv_kokkos_nvidia_h100_sxm_random_sparse_large_n32768_003,spmv,kokkos,nvidia_h100_sxm,random_sparse,large,32768,163840,3,0.010869,30.148128,1
2026-04-02T20:25:53Z,spmv_kokkos_nvidia_h100_sxm_random_sparse_large_n32768_004,spmv,kokkos,nvidia_h100_sxm,random_sparse,large,32768,163840,4,0.011377,28.801969,1
2026-04-02T20:25:53Z,spmv_kokkos_nvidia_h100_sxm_random_sparse_large_n32768_005,spmv,kokkos,nvidia_h100_sxm,random_sparse,large,32768,163840,5,0.010853,30.192573,1
2026-04-02T20:25:53Z,spmv_kokkos_nvidia_h100_sxm_random_sparse_large_n32768_006,spmv,kokkos,nvidia_h100_sxm,random_sparse,large,32768,163840,6,0.010618,30.860802,1
2026-04-02T20:25:53Z,spmv_kokkos_nvidia_h100_sxm_random_sparse_large_n32768_007,spmv,kokkos,nvidia_h100_sxm,random_sparse,large,32768,163840,7,0.011154,29.377802,1
2026-04-02T20:25:53Z,spmv_kokkos_nvidia_h100_sxm_random_sparse_large_n32768_008,spmv,kokkos,nvidia_h100_sxm,random_sparse,large,32768,163840,8,0.010708,30.601419,1
2026-04-02T20:25:53Z,spmv_kokkos_nvidia_h100_sxm_random_sparse_large_n32768_009,spmv,kokkos,nvidia_h100_sxm,random_sparse,large,32768,163840,9,0.011211,29.228436,1
2026-04-02T20:25:53Z,spmv_kokkos_nvidia_h100_sxm_random_sparse_large_n32768_010,spmv,kokkos,nvidia_h100_sxm,random_sparse,large,32768,163840,10,0.010717,30.575721,1
2026-04-02T20:25:53Z,spmv_kokkos_nvidia_h100_sxm_random_sparse_large_n32768_011,spmv,kokkos,nvidia_h100_sxm,random_sparse,large,32768,163840,11,0.010979,29.846070,1
2026-04-02T20:25:53Z,spmv_kokkos_nvidia_h100_sxm_random_sparse_large_n32768_012,spmv,kokkos,nvidia_h100_sxm,random_sparse,large,32768,163840,12,0.011140,29.414722,1
2026-04-02T20:25:53Z,spmv_kokkos_nvidia_h100_sxm_random_sparse_large_n32768_013,spmv,kokkos,nvidia_h100_sxm,random_sparse,large,32768,163840,13,0.010791,30.366046,1
2026-04-02T20:25:53Z,spmv_kokkos_nvidia_h100_sxm_random_sparse_large_n32768_014,spmv,kokkos,nvidia_h100_sxm,random_sparse,large,32768,163840,14,0.011503,28.486482,1
2026-04-02T20:25:53Z,spmv_kokkos_nvidia_h100_sxm_random_sparse_large_n32768_015,spmv,kokkos,nvidia_h100_sxm,random_sparse,large,32768,163840,15,0.010981,29.840634,1
2026-04-02T20:25:53Z,spmv_kokkos_nvidia_h100_sxm_random_sparse_large_n32768_016,spmv,kokkos,nvidia_h100_sxm,random_sparse,large,32768,163840,16,0.011137,29.422645,1
2026-04-02T20:25:53Z,spmv_kokkos_nvidia_h100_sxm_random_sparse_large_n32768_017,spmv,kokkos,nvidia_h100_sxm,random_sparse,large,32768,163840,17,0.010599,30.916124,1
2026-04-02T20:25:53Z,spmv_kokkos_nvidia_h100_sxm_random_sparse_large_n32768_018,spmv,kokkos,nvidia_h100_sxm,random_sparse,large,32768,163840,18,0.010858,30.178670,1
2026-04-02T20:25:53Z,spmv_kokkos_nvidia_h100_sxm_random_sparse_large_n32768_019,spmv,kokkos,nvidia_h100_sxm,random_sparse,large,32768,163840,19,0.011124,29.457030,1
2026-04-02T20:25:53Z,spmv_kokkos_nvidia_h100_sxm_random_sparse_large_n32768_020,spmv,kokkos,nvidia_h100_sxm,random_sparse,large,32768,163840,20,0.010758,30.459193,1
2026-04-02T20:25:53Z,spmv_kokkos_nvidia_h100_sxm_random_sparse_large_n32768_021,spmv,kokkos,nvidia_h100_sxm,random_sparse,large,32768,163840,21,0.011142,29.409442,1
2026-04-02T20:25:53Z,spmv_kokkos_nvidia_h100_sxm_random_sparse_large_n32768_022,spmv,kokkos,nvidia_h100_sxm,random_sparse,large,32768,163840,22,0.010592,30.936556,1
2026-04-02T20:25:53Z,spmv_kokkos_nvidia_h100_sxm_random_sparse_large_n32768_023,spmv,kokkos,nvidia_h100_sxm,random_sparse,large,32768,163840,23,0.010579,30.974572,1
2026-04-02T20:25:53Z,spmv_kokkos_nvidia_h100_sxm_random_sparse_large_n32768_024,spmv,kokkos,nvidia_h100_sxm,random_sparse,large,32768,163840,24,0.011042,29.675783,1
2026-04-02T20:25:53Z,spmv_kokkos_nvidia_h100_sxm_random_sparse_large_n32768_025,spmv,kokkos,nvidia_h100_sxm,random_sparse,large,32768,163840,25,0.010726,30.550065,1
2026-04-02T20:25:53Z,spmv_kokkos_nvidia_h100_sxm_random_sparse_large_n32768_026,spmv,kokkos,nvidia_h100_sxm,random_sparse,large,32768,163840,26,0.011273,29.067684,1
2026-04-02T20:25:53Z,spmv_kokkos_nvidia_h100_sxm_random_sparse_large_n32768_027,spmv,kokkos,nvidia_h100_sxm,random_sparse,large,32768,163840,27,0.011024,29.724238,1
2026-04-02T20:25:53Z,spmv_kokkos_nvidia_h100_sxm_random_sparse_large_n32768_028,spmv,kokkos,nvidia_h100_sxm,random_sparse,large,32768,163840,28,0.010752,30.476190,1
2026-04-02T20:25:53Z,spmv_kokkos_nvidia_h100_sxm_random_sparse_large_n32768_029,spmv,kokkos,nvidia_h100_sxm,random_sparse,large,32768,163840,29,0.011369,28.822236,1
2026-04-02T20:25:53Z,spmv_kokkos_nvidia_h100_sxm_random_sparse_large_n32768_030,spmv,kokkos,nvidia_h100_sxm,random_sparse,large,32768,163840,30,0.010736,30.521610,1
2026-04-02T20:25:53Z,spmv_kokkos_nvidia_h100_sxm_power_law_small_n1024_001,spmv,kokkos,nvidia_h100_sxm,power_law,small,1024,2529,1,0.014164,0.357103,1
2026-04-02T20:25:53Z,spmv_kokkos_nvidia_h100_sxm_power_law_small_n1024_002,spmv,kokkos,nvidia_h100_sxm,power_law,small,1024,2529,2,0.014756,0.342776,1
2026-04-02T20:25:53Z,spmv_kokkos_nvidia_h100_sxm_power_law_small_n1024_003,spmv,kokkos,nvidia_h100_sxm,power_law,small,1024,2529,3,0.014025,0.360642,1
2026-04-02T20:25:53Z,spmv_kokkos_nvidia_h100_sxm_power_law_small_n1024_004,spmv,kokkos,nvidia_h100_sxm,power_law,small,1024,2529,4,0.014376,0.351836,1
2026-04-02T20:25:53Z,spmv_kokkos_nvidia_h100_sxm_power_law_small_n1024_005,spmv,kokkos,nvidia_h100_sxm,power_law,small,1024,2529,5,0.013936,0.362945,1
2026-04-02T20:25:53Z,spmv_kokkos_nvidia_h100_sxm_power_law_small_n1024_006,spmv,kokkos,nvidia_h100_sxm,power_law,small,1024,2529,6,0.014452,0.349986,1
2026-04-02T20:25:53Z,spmv_kokkos_nvidia_h100_sxm_power_law_small_n1024_007,spmv,kokkos,nvidia_h100_sxm,power_law,small,1024,2529,7,0.014122,0.358165,1
2026-04-02T20:25:53Z,spmv_kokkos_nvidia_h100_sxm_power_law_small_n1024_008,spmv,kokkos,nvidia_h100_sxm,power_law,small,1024,2529,8,0.013961,0.362295,1
2026-04-02T20:25:53Z,spmv_kokkos_nvidia_h100_sxm_power_law_small_n1024_009,spmv,kokkos,nvidia_h100_sxm,power_law,small,1024,2529,9,0.014631,0.345704,1
2026-04-02T20:25:53Z,spmv_kokkos_nvidia_h100_sxm_power_law_small_n1024_010,spmv,kokkos,nvidia_h100_sxm,power_law,small,1024,2529,10,0.014076,0.359335,1
2026-04-02T20:25:53Z,spmv_kokkos_nvidia_h100_sxm_power_law_small_n1024_011,spmv,kokkos,nvidia_h100_sxm,power_law,small,1024,2529,11,0.014680,0.344550,1
2026-04-02T20:25:53Z,spmv_kokkos_nvidia_h100_sxm_power_law_small_n1024_012,spmv,kokkos,nvidia_h100_sxm,power_law,small,1024,2529,12,0.013775,0.367187,1
2026-04-02T20:25:53Z,spmv_kokkos_nvidia_h100_sxm_power_law_small_n1024_013,spmv,kokkos,nvidia_h100_sxm,power_law,small,1024,2529,13,0.014195,0.356323,1
2026-04-02T20:25:53Z,spmv_kokkos_nvidia_h100_sxm_power_law_small_n1024_014,spmv,kokkos,nvidia_h100_sxm,power_law,small,1024,2529,14,0.015070,0.335634,1
2026-04-02T20:25:53Z,spmv_kokkos_nvidia_h100_sxm_power_law_small_n1024_015,spmv,kokkos,nvidia_h100_sxm,power_law,small,1024,2529,15,0.014284,0.354102,1
2026-04-02T20:25:53Z,spmv_kokkos_nvidia_h100_sxm_power_law_small_n1024_016,spmv,kokkos,nvidia_h100_sxm,power_law,small,1024,2529,16,0.014273,0.354375,1
2026-04-02T20:25:53Z,spmv_kokkos_nvidia_h100_sxm_power_law_small_n1024_017,spmv,kokkos,nvidia_h100_sxm,power_law,small,1024,2529,17,0.014132,0.357911,1
2026-04-02T20:25:53Z,spmv_kokkos_nvidia_h100_sxm_power_law_small_n1024_018,spmv,kokkos,nvidia_h100_sxm,power_law,small,1024,2529,18,0.014664,0.344926,1
2026-04-02T20:25:53Z,spmv_kokkos_nvidia_h100_sxm_power_law_small_n1024_019,spmv,kokkos,nvidia_h100_sxm,power_law,small,1024,2529,19,0.014044,0.360154,1
2026-04-02T20:25:53Z,spmv_kokkos_nvidia_h100_sxm_power_law_small_n1024_020,spmv,kokkos,nvidia_h100_sxm,power_law,small,1024,2529,20,0.013896,0.363990,1
2026-04-02T20:25:53Z,spmv_kokkos_nvidia_h100_sxm_power_law_small_n1024_021,spmv,kokkos,nvidia_h100_sxm,power_law,small,1024,2529,21,0.014616,0.346059,1
2026-04-02T20:25:53Z,spmv_kokkos_nvidia_h100_sxm_power_law_small_n1024_022,spmv,kokkos,nvidia_h100_sxm,power_law,small,1024,2529,22,0.014145,0.357582,1
2026-04-02T20:25:53Z,spmv_kokkos_nvidia_h100_sxm_power_law_small_n1024_023,spmv,kokkos,nvidia_h100_sxm,power_law,small,1024,2529,23,0.014761,0.342660,1
2026-04-02T20:25:53Z,spmv_kokkos_nvidia_h100_sxm_power_law_small_n1024_024,spmv,kokkos,nvidia_h100_sxm,power_law,small,1024,2529,24,0.013842,0.365410,1
2026-04-02T20:25:53Z,spmv_kokkos_nvidia_h100_sxm_power_law_small_n1024_025,spmv,kokkos,nvidia_h100_sxm,power_law,small,1024,2529,25,0.014241,0.355172,1
2026-04-02T20:25:53Z,spmv_kokkos_nvidia_h100_sxm_power_law_small_n1024_026,spmv,kokkos,nvidia_h100_sxm,power_law,small,1024,2529,26,0.014613,0.346130,1
2026-04-02T20:25:53Z,spmv_kokkos_nvidia_h100_sxm_power_law_small_n1024_027,spmv,kokkos,nvidia_h100_sxm,power_law,small,1024,2529,27,0.017429,0.290206,0
2026-04-02T20:25:53Z,spmv_kokkos_nvidia_h100_sxm_power_law_small_n1024_028,spmv,kokkos,nvidia_h100_sxm,power_law,small,1024,2529,28,0.015736,0.321429,1
2026-04-02T20:25:53Z,spmv_kokkos_nvidia_h100_sxm_power_law_small_n1024_029,spmv,kokkos,nvidia_h100_sxm,power_law,small,1024,2529,29,0.014060,0.359744,1
2026-04-02T20:25:53Z,spmv_kokkos_nvidia_h100_sxm_power_law_small_n1024_030,spmv,kokkos,nvidia_h100_sxm,power_law,small,1024,2529,30,0.014147,0.357532,1
2026-04-02T20:25:54Z,spmv_kokkos_nvidia_h100_sxm_power_law_medium_n8192_001,spmv,kokkos,nvidia_h100_sxm,power_law,medium,8192,20432,1,0.039752,1.027973,1
2026-04-02T20:25:54Z,spmv_kokkos_nvidia_h100_sxm_power_law_medium_n8192_002,spmv,kokkos,nvidia_h100_sxm,power_law,medium,8192,20432,2,0.038995,1.047929,1
2026-04-02T20:25:54Z,spmv_kokkos_nvidia_h100_sxm_power_law_medium_n8192_003,spmv,kokkos,nvidia_h100_sxm,power_law,medium,8192,20432,3,0.039010,1.047526,1
2026-04-02T20:25:54Z,spmv_kokkos_nvidia_h100_sxm_power_law_medium_n8192_004,spmv,kokkos,nvidia_h100_sxm,power_law,medium,8192,20432,4,0.039698,1.029372,1
2026-04-02T20:25:54Z,spmv_kokkos_nvidia_h100_sxm_power_law_medium_n8192_005,spmv,kokkos,nvidia_h100_sxm,power_law,medium,8192,20432,5,0.038985,1.048198,1
2026-04-02T20:25:54Z,spmv_kokkos_nvidia_h100_sxm_power_law_medium_n8192_006,spmv,kokkos,nvidia_h100_sxm,power_law,medium,8192,20432,6,0.039260,1.040856,1
2026-04-02T20:25:54Z,spmv_kokkos_nvidia_h100_sxm_power_law_medium_n8192_007,spmv,kokkos,nvidia_h100_sxm,power_law,medium,8192,20432,7,0.038702,1.055863,1
2026-04-02T20:25:54Z,spmv_kokkos_nvidia_h100_sxm_power_law_medium_n8192_008,spmv,kokkos,nvidia_h100_sxm,power_law,medium,8192,20432,8,0.039403,1.037078,1
2026-04-02T20:25:54Z,spmv_kokkos_nvidia_h100_sxm_power_law_medium_n8192_009,spmv,kokkos,nvidia_h100_sxm,power_law,medium,8192,20432,9,0.038949,1.049167,1
2026-04-02T20:25:54Z,spmv_kokkos_nvidia_h100_sxm_power_law_medium_n8192_010,spmv,kokkos,nvidia_h100_sxm,power_law,medium,8192,20432,10,0.038731,1.055072,1
2026-04-02T20:25:54Z,spmv_kokkos_nvidia_h100_sxm_power_law_medium_n8192_011,spmv,kokkos,nvidia_h100_sxm,power_law,medium,8192,20432,11,0.039282,1.040273,1
2026-04-02T20:25:54Z,spmv_kokkos_nvidia_h100_sxm_power_law_medium_n8192_012,spmv,kokkos,nvidia_h100_sxm,power_law,medium,8192,20432,12,0.039036,1.046829,1
2026-04-02T20:25:54Z,spmv_kokkos_nvidia_h100_sxm_power_law_medium_n8192_013,spmv,kokkos,nvidia_h100_sxm,power_law,medium,8192,20432,13,0.039345,1.038607,1
2026-04-02T20:25:54Z,spmv_kokkos_nvidia_h100_sxm_power_law_medium_n8192_014,spmv,kokkos,nvidia_h100_sxm,power_law,medium,8192,20432,14,0.038742,1.054773,1
2026-04-02T20:25:54Z,spmv_kokkos_nvidia_h100_sxm_power_law_medium_n8192_015,spmv,kokkos,nvidia_h100_sxm,power_law,medium,8192,20432,15,0.038564,1.059641,1
2026-04-02T20:25:54Z,spmv_kokkos_nvidia_h100_sxm_power_law_medium_n8192_016,spmv,kokkos,nvidia_h100_sxm,power_law,medium,8192,20432,16,0.039863,1.025111,1
2026-04-02T20:25:54Z,spmv_kokkos_nvidia_h100_sxm_power_law_medium_n8192_017,spmv,kokkos,nvidia_h100_sxm,power_law,medium,8192,20432,17,0.038738,1.054882,1
2026-04-02T20:25:54Z,spmv_kokkos_nvidia_h100_sxm_power_law_medium_n8192_018,spmv,kokkos,nvidia_h100_sxm,power_law,medium,8192,20432,18,0.039293,1.039982,1
2026-04-02T20:25:54Z,spmv_kokkos_nvidia_h100_sxm_power_law_medium_n8192_019,spmv,kokkos,nvidia_h100_sxm,power_law,medium,8192,20432,19,0.038911,1.050191,1
2026-04-02T20:25:54Z,spmv_kokkos_nvidia_h100_sxm_power_law_medium_n8192_020,spmv,kokkos,nvidia_h100_sxm,power_law,medium,8192,20432,20,0.039475,1.035187,1
2026-04-02T20:25:54Z,spmv_kokkos_nvidia_h100_sxm_power_law_medium_n8192_021,spmv,kokkos,nvidia_h100_sxm,power_law,medium,8192,20432,21,0.038711,1.055617,1
2026-04-02T20:25:54Z,spmv_kokkos_nvidia_h100_sxm_power_law_medium_n8192_022,spmv,kokkos,nvidia_h100_sxm,power_law,medium,8192,20432,22,0.038673,1.056655,1
2026-04-02T20:25:54Z,spmv_kokkos_nvidia_h100_sxm_power_law_medium_n8192_023,spmv,kokkos,nvidia_h100_sxm,power_law,medium,8192,20432,23,0.039447,1.035922,1
2026-04-02T20:25:54Z,spmv_kokkos_nvidia_h100_sxm_power_law_medium_n8192_024,spmv,kokkos,nvidia_h100_sxm,power_law,medium,8192,20432,24,0.038862,1.051516,1
2026-04-02T20:25:54Z,spmv_kokkos_nvidia_h100_sxm_power_law_medium_n8192_025,spmv,kokkos,nvidia_h100_sxm,power_law,medium,8192,20432,25,0.039397,1.037236,1
2026-04-02T20:25:54Z,spmv_kokkos_nvidia_h100_sxm_power_law_medium_n8192_026,spmv,kokkos,nvidia_h100_sxm,power_law,medium,8192,20432,26,0.039110,1.044848,1
2026-04-02T20:25:54Z,spmv_kokkos_nvidia_h100_sxm_power_law_medium_n8192_027,spmv,kokkos,nvidia_h100_sxm,power_law,medium,8192,20432,27,0.038999,1.047822,1
2026-04-02T20:25:54Z,spmv_kokkos_nvidia_h100_sxm_power_law_medium_n8192_028,spmv,kokkos,nvidia_h100_sxm,power_law,medium,8192,20432,28,0.039637,1.030956,1
2026-04-02T20:25:54Z,spmv_kokkos_nvidia_h100_sxm_power_law_medium_n8192_029,spmv,kokkos,nvidia_h100_sxm,power_law,medium,8192,20432,29,0.038797,1.053277,1
2026-04-02T20:25:54Z,spmv_kokkos_nvidia_h100_sxm_power_law_medium_n8192_030,spmv,kokkos,nvidia_h100_sxm,power_law,medium,8192,20432,30,0.039098,1.045169,1
2026-04-02T20:25:55Z,spmv_kokkos_nvidia_h100_sxm_power_law_large_n32768_001,spmv,kokkos,nvidia_h100_sxm,power_law,large,32768,81494,1,0.045874,3.552949,1
2026-04-02T20:25:55Z,spmv_kokkos_nvidia_h100_sxm_power_law_large_n32768_002,spmv,kokkos,nvidia_h100_sxm,power_law,large,32768,81494,2,0.046432,3.510252,1
2026-04-02T20:25:55Z,spmv_kokkos_nvidia_h100_sxm_power_law_large_n32768_003,spmv,kokkos,nvidia_h100_sxm,power_law,large,32768,81494,3,0.045747,3.562813,1
2026-04-02T20:25:55Z,spmv_kokkos_nvidia_h100_sxm_power_law_large_n32768_004,spmv,kokkos,nvidia_h100_sxm,power_law,large,32768,81494,4,0.045759,3.561879,1
2026-04-02T20:25:55Z,spmv_kokkos_nvidia_h100_sxm_power_law_large_n32768_005,spmv,kokkos,nvidia_h100_sxm,power_law,large,32768,81494,5,0.046193,3.528413,1
2026-04-02T20:25:55Z,spmv_kokkos_nvidia_h100_sxm_power_law_large_n32768_006,spmv,kokkos,nvidia_h100_sxm,power_law,large,32768,81494,6,0.045899,3.551014,1
2026-04-02T20:25:55Z,spmv_kokkos_nvidia_h100_sxm_power_law_large_n32768_007,spmv,kokkos,nvidia_h100_sxm,power_law,large,32768,81494,7,0.046161,3.530859,1
2026-04-02T20:25:55Z,spmv_kokkos_nvidia_h100_sxm_power_law_large_n32768_008,spmv,kokkos,nvidia_h100_sxm,power_law,large,32768,81494,8,0.045628,3.572105,1
2026-04-02T20:25:55Z,spmv_kokkos_nvidia_h100_sxm_power_law_large_n32768_009,spmv,kokkos,nvidia_h100_sxm,power_law,large,32768,81494,9,0.045991,3.543911,1
2026-04-02T20:25:55Z,spmv_kokkos_nvidia_h100_sxm_power_law_large_n32768_010,spmv,kokkos,nvidia_h100_sxm,power_law,large,32768,81494,10,0.046638,3.494747,1
2026-04-02T20:25:55Z,spmv_kokkos_nvidia_h100_sxm_power_law_large_n32768_011,spmv,kokkos,nvidia_h100_sxm,power_law,large,32768,81494,11,0.045588,3.575239,1
2026-04-02T20:25:55Z,spmv_kokkos_nvidia_h100_sxm_power_law_large_n32768_012,spmv,kokkos,nvidia_h100_sxm,power_law,large,32768,81494,12,0.046006,3.542755,1
2026-04-02T20:25:55Z,spmv_kokkos_nvidia_h100_sxm_power_law_large_n32768_013,spmv,kokkos,nvidia_h100_sxm,power_law,large,32768,81494,13,0.045694,3.566945,1
2026-04-02T20:25:55Z,spmv_kokkos_nvidia_h100_sxm_power_law_large_n32768_014,spmv,kokkos,nvidia_h100_sxm,power_law,large,32768,81494,14,0.046184,3.529101,1
2026-04-02T20:25:55Z,spmv_kokkos_nvidia_h100_sxm_power_law_large_n32768_015,spmv,kokkos,nvidia_h100_sxm,power_law,large,32768,81494,15,0.045725,3.564527,1
2026-04-02T20:25:55Z,spmv_kokkos_nvidia_h100_sxm_power_law_large_n32768_016,spmv,kokkos,nvidia_h100_sxm,power_law,large,32768,81494,16,0.045736,3.563670,1
2026-04-02T20:25:55Z,spmv_kokkos_nvidia_h100_sxm_power_law_large_n32768_017,spmv,kokkos,nvidia_h100_sxm,power_law,large,32768,81494,17,0.046238,3.524979,1
2026-04-02T20:25:55Z,spmv_kokkos_nvidia_h100_sxm_power_law_large_n32768_018,spmv,kokkos,nvidia_h100_sxm,power_law,large,32768,81494,18,0.045861,3.553957,1
2026-04-02T20:25:55Z,spmv_kokkos_nvidia_h100_sxm_power_law_large_n32768_019,spmv,kokkos,nvidia_h100_sxm,power_law,large,32768,81494,19,0.046279,3.521857,1
2026-04-02T20:25:55Z,spmv_kokkos_nvidia_h100_sxm_power_law_large_n32768_020,spmv,kokkos,nvidia_h100_sxm,power_law,large,32768,81494,20,0.045650,3.570383,1
2026-04-02T20:25:55Z,spmv_kokkos_nvidia_h100_sxm_power_law_large_n32768_021,spmv,kokkos,nvidia_h100_sxm,power_law,large,32768,81494,21,0.045687,3.567492,1
2026-04-02T20:25:55Z,spmv_kokkos_nvidia_h100_sxm_power_law_large_n32768_022,spmv,kokkos,nvidia_h100_sxm,power_law,large,32768,81494,22,0.046656,3.493398,1
2026-04-02T20:25:55Z,spmv_kokkos_nvidia_h100_sxm_power_law_large_n32768_023,spmv,kokkos,nvidia_h100_sxm,power_law,large,32768,81494,23,0.045834,3.556050,1
2026-04-02T20:25:55Z,spmv_kokkos_nvidia_h100_sxm_power_law_large_n32768_024,spmv,kokkos,nvidia_h100_sxm,power_law,large,32768,81494,24,0.046303,3.520031,1
2026-04-02T20:25:55Z,spmv_kokkos_nvidia_h100_sxm_power_law_large_n32768_025,spmv,kokkos,nvidia_h100_sxm,power_law,large,32768,81494,25,0.045763,3.561567,1
2026-04-02T20:25:55Z,spmv_kokkos_nvidia_h100_sxm_power_law_large_n32768_026,spmv,kokkos,nvidia_h100_sxm,power_law,large,32768,81494,26,0.046490,3.505872,1
2026-04-02T20:25:55Z,spmv_kokkos_nvidia_h100_sxm_power_law_large_n32768_027,spmv,kokkos,nvidia_h100_sxm,power_law,large,32768,81494,27,0.045758,3.561956,1
2026-04-02T20:25:55Z,spmv_kokkos_nvidia_h100_sxm_power_law_large_n32768_028,spmv,kokkos,nvidia_h100_sxm,power_law,large,32768,81494,28,0.045678,3.568195,1
2026-04-02T20:25:55Z,spmv_kokkos_nvidia_h100_sxm_power_law_large_n32768_029,spmv,kokkos,nvidia_h100_sxm,power_law,large,32768,81494,29,0.046319,3.518815,1
2026-04-02T20:25:55Z,spmv_kokkos_nvidia_h100_sxm_power_law_large_n32768_030,spmv,kokkos,nvidia_h100_sxm,power_law,large,32768,81494,30,0.048540,3.357808,1
